MonthYear,GPI,event_count_10,tone_count_10,event_count_12,tone_count_12,goldstein_12,event_count_13,tone_count_13,goldstein_13,event_count_20,tone_count_20,goldstein_20,event_count_30,tone_count_30,goldstein_30,event_count_36,tone_count_36,goldstein_36,event_count_40,tone_count_40,goldstein_40,event_count_42,tone_count_42,goldstein_42,event_count_43,tone_count_43,goldstein_43,event_count_46,tone_count_46,goldstein_46,event_count_50,tone_count_50,goldstein_50,event_count_51,tone_count_51,goldstein_51,event_count_57,tone_count_57,goldstein_57,event_count_60,tone_count_60,goldstein_60,event_count_70,tone_count_70,goldstein_70,event_count_71,tone_count_71,goldstein_71,event_count_80,tone_count_80,goldstein_80,event_count_84,tone_count_84,goldstein_84,event_count_90,tone_count_90,goldstein_90,event_count_100,tone_count_100,goldstein_100,event_count_110,tone_count_110,goldstein_110,event_count_111,tone_count_111,goldstein_111,event_count_112,tone_count_112,goldstein_112,event_count_120,tone_count_120,goldstein_120,event_count_130,tone_count_130,goldstein_130,event_count_173,tone_count_173,goldstein_173,event_count_190,tone_count_190,goldstein_190
200801,2.476,12.0,66.60849990483727,1.0,4.91400491400491,-0.4,6.0,17.47335779248139,2.4,9.0,40.36399018000293,27.0,4.0,53.781512605041996,16.0,1.0,4.90045941807044,4.0,1.0,7.86581839213418,1.0,13,69.37894028446378,24.7,9.0,67.06635818884516,25.200000000000006,2.0,4.90925708317012,14.0,1.0,13.445378151260499,3.5,6.0,45.77474340446634,20.4,30.0,112.58278145695346,240.0,10.0,18.20086318218063,60.0,0.0,0.0,0.0,2.0,26.890756302520998,14.8,6.0,16.300737609455208,30.0,0.0,0.0,0.0,1.0,6.937799043062201,-2.0,4.0,14.25576519916142,-20.0,1.0,5.85253456221198,-2.0,2.0,5.809128630705401,-4.0,2.0,1.9165373826649736,-4.0,3.0,16.904606825761398,-12.0,0.0,0.0,0.0,30.0,70.49596197295664,-150.0,3.0,2.328797067779636,-30.0
200802,2.475,9.0,26.61868131103653,0.0,0.0,0.0,0.0,0.0,0.0,4.0,34.539880201765435,12.0,2.0,7.4766355140187,8.0,4.0,16.86011456135063,16.0,2.0,8.54430379746836,2.0,2,7.6923076923077,3.8,3.0,16.65288116901021,8.399999999999999,4.0,26.99386503067484,28.0,0.0,0.0,0.0,6.0,55.16890941354314,20.4,3.0,19.48955916473319,24.0,1.0,4.0480769230769305,6.0,0.0,0.0,0.0,2.0,11.42857142857142,14.8,1.0,3.73831775700935,5.0,0.0,0.0,0.0,3.0,8.06804539391246,-6.0,1.0,4.0480769230769305,-5.0,0.0,0.0,0.0,0.0,0.0,0.0,1.0,2.60226644555003,-2.0,0.0,0.0,0.0,1.0,3.57295966487427,-4.4,5.0,15.069368572699528,-25.0,0.0,0.0,0.0
200803,2.474,14.0,102.37091555232851,6.0,35.464962339700534,-2.4,3.0,24.746647423809883,1.2000000000000002,6.0,44.85687372278535,18.0,1.0,8.13953488372093,4.0,10.0,70.86730506155953,40.0,6.0,40.75701787655139,6.0,9,46.990605888049096,17.1,9.0,46.990605888049096,25.200000000000006,0.0,0.0,0.0,0.0,0.0,0.0,17.0,132.04127170814107,57.79999999999998,14.0,112.61905826588564,112.0,5.0,39.24543026354618,30.0,2.0,17.35228122662678,14.0,1.0,8.67614061331339,7.4,0.0,0.0,0.0,0.0,0.0,0.0,2.0,9.59863465160076,-4.0,2.0,14.95229124092845,-10.0,1.0,8.67614061331339,-2.0,0.0,0.0,0.0,2.0,9.49554896142433,-4.0,0.0,0.0,0.0,9.0,59.052255072577545,-39.6,5.0,36.19791336536391,-25.0,12.0,42.327275560490094,-120.0
200804,2.4730000000000003,8.0,34.23616871994973,0.0,0.0,0.0,0.0,0.0,0.0,3.0,6.350565208086074,9.0,1.0,10.6382978723404,4.0,2.0,11.3960113960114,8.0,8.0,55.64340503137906,8.0,19,129.45847127307576,36.09999999999999,17.0,111.55791878688791,47.59999999999999,8.0,37.569671553884255,56.0,0.0,0.0,0.0,13.0,79.83034522411323,44.19999999999999,20.0,72.42303701141462,160.0,3.0,13.08683007893643,18.0,0.0,0.0,0.0,3.0,15.390397560271962,22.200000000000006,0.0,0.0,0.0,8.0,34.04104367305598,56.0,2.0,1.9417475728155342,-4.0,0.0,0.0,0.0,4.0,19.13235493383952,-8.0,0.0,0.0,0.0,3.0,9.15527962184975,-6.0,1.0,3.0716723549488103,-4.0,0.0,0.0,0.0,12.0,48.46186572630536,-60.0,8.0,49.993946645250475,-80.0
200805,2.472,1.0,5.0761421319797,0.0,0.0,0.0,1.0,5.14851485148515,0.4,3.0,12.012432012432,9.0,4.0,11.98608475648323,16.0,2.0,5.22875816993464,8.0,6.0,59.055039894562256,6.0,7,62.34075418027653,13.3,8.0,64.89522543114246,22.4,0.0,0.0,0.0,8.0,52.234007217429856,28.0,3.0,27.206276919441336,10.2,4.0,54.4217687074828,32.0,0.0,0.0,0.0,0.0,0.0,0.0,0.0,0.0,0.0,0.0,0.0,0.0,0.0,0.0,0.0,0.0,0.0,0.0,1.0,2.22222222222222,-5.0,0.0,0.0,0.0,2.0,6.20525059665872,-4.0,1.0,3.10262529832936,-2.0,0.0,0.0,0.0,1.0,5.0761421319797,-4.4,2.0,8.55082946959007,-10.0,1.0,3.10262529832936,-10.0
200806,2.471,2.0,14.465257833597667,0.0,0.0,0.0,0.0,0.0,0.0,6.0,57.87841191067,18.0,0.0,0.0,0.0,0.0,0.0,0.0,6.0,30.470998031197944,6.0,13,60.863042891413095,24.7,4.0,19.351066111591,11.2,2.0,11.368898014089,14.0,2.0,9.37931034482758,7.0,1.0,6.43776824034335,3.4,0.0,0.0,0.0,4.0,34.4463971880492,24.0,0.0,0.0,0.0,7.0,47.06328279499012,51.8,0.0,0.0,0.0,0.0,0.0,0.0,1.0,0.51150895140665,-2.0,1.0,3.80577427821522,-5.0,0.0,0.0,0.0,0.0,0.0,0.0,1.0,7.142857142857139,-2.0,0.0,0.0,0.0,0.0,0.0,0.0,3.0,11.41732283464566,-15.0,0.0,0.0,0.0
200807,2.47,13.0,49.9420151706768,2.0,16.0098500428071,-0.8,0.0,0.0,0.0,7.0,37.87238960860829,21.0,0.0,0.0,0.0,5.0,29.52633149907011,20.0,20.0,79.55084592144901,20.0,22,101.10280273030844,41.799999999999976,20.0,93.30299129354056,55.99999999999999,2.0,7.333333333333339,14.0,0.0,0.0,0.0,13.0,99.82117787616558,44.19999999999999,0.0,0.0,0.0,2.0,3.3195020746888,12.0,1.0,3.3388981636060096,7.0,1.0,6.06060606060606,7.4,0.0,0.0,0.0,7.0,25.779645065583658,49.0,11.0,46.38790968584281,-22.0,0.0,0.0,0.0,5.0,30.972948495401567,-10.0,0.0,0.0,0.0,3.0,13.780963158556519,-6.0,4.0,25.81345196400635,-16.0,4.0,20.667277340829877,-17.6,8.0,23.71996728792901,-40.0,2.0,6.54308302651482,-20.0
200808,2.469,19.0,60.6776482658001,7.0,34.94808987557067,-2.8,5.0,26.56551210981134,2.0,5.0,29.633932476382657,15.0,5.0,22.51714294215888,20.0,0.0,0.0,0.0,9.0,34.160282208400034,9.0,17,58.83638770827596,32.29999999999999,13.0,41.64968911838575,36.4,7.0,29.952380952380942,49.0,1.0,4.0650406504065,3.5,7.0,45.532445413552,23.8,0.0,0.0,0.0,10.0,33.22371026419929,60.0,8.0,65.12042718832367,56.0,7.0,47.572171858012005,51.8,4.0,16.9129743605268,20.0,4.0,14.29049505020022,28.0,8.0,30.333527305858325,-16.0,11.0,40.92198268552071,-55.0,1.0,6.14534628142109,-2.0,4.0,19.31565383114086,-8.0,12.0,56.73182979018285,-24.0,2.0,11.551684960333533,-8.0,7.0,41.40757202905501,-30.8,35.0,115.47855228859812,-175.0,6.0,32.19556481038311,-60.0
200809,2.468,15.0,62.317124045535536,0.0,0.0,0.0,0.0,0.0,0.0,5.0,22.22048821501377,15.0,0.0,0.0,0.0,0.0,0.0,0.0,0.0,0.0,0.0,3,15.695499107372079,5.699999999999998,4.0,18.10642275117243,11.2,2.0,16.729202401372213,14.0,4.0,27.48340768142748,14.0,2.0,18.465909090909054,6.8,0.0,0.0,0.0,2.0,13.776468225171053,12.0,0.0,0.0,0.0,1.0,4.034582132564839,7.4,3.0,15.906030756147699,15.0,0.0,0.0,0.0,3.0,15.14245124379071,-6.0,4.0,12.660780215631918,-20.0,0.0,0.0,0.0,0.0,0.0,0.0,0.0,0.0,0.0,0.0,0.0,0.0,0.0,0.0,0.0,3.0,2.208163758713784,-15.0,3.0,10.053658437785726,-30.0
200810,2.467,21.0,85.67894923657053,1.0,9.39457202505219,-0.4,4.0,26.595218506983198,1.6,1.0,5.49450549450549,3.0,0.0,0.0,0.0,12.0,62.305391397166346,48.0,10.0,35.81985920131849,10.0,3,13.608094489848847,5.699999999999998,3.0,13.608094489848847,8.399999999999999,10.0,60.82744248365914,70.0,1.0,4.95626822157434,3.5,11.0,60.39300191305043,37.39999999999999,4.0,36.30739222528686,32.0,3.0,0.8875739644970401,18.0,2.0,15.2400835073069,14.0,7.0,38.78414886658942,51.8,0.0,0.0,0.0,2.0,3.76472672513066,14.0,1.0,7.62004175365345,-2.0,0.0,0.0,0.0,1.0,6.4171122994652405,-2.0,1.0,7.62004175365345,-2.0,4.0,7.52945345026132,-8.0,1.0,3.8968048359240095,-4.0,6.0,26.67960545381588,-26.4,0.0,0.0,0.0,1.0,4.95626822157434,-10.0
200811,2.4659999999999997,67.0,255.78013865607969,19.0,100.93335074840073,-7.600000000000002,16.0,82.14135435565248,6.400000000000001,28.0,174.19557246605103,84.0,5.0,30.88615470415625,20.0,22.0,107.89965697847204,88.0,21.0,137.14732459197924,21.0,36,192.642922243933,68.39999999999998,34.0,191.58900011052486,95.19999999999996,10.0,51.497987349051144,70.0,4.0,30.91374046680272,14.0,72.0,443.478575711646,244.80000000000018,6.0,32.13350540156958,48.0,6.0,34.731129735223234,36.0,4.0,14.727832469528613,28.0,4.0,21.48238399579742,29.6,9.0,34.40405846695885,45.0,4.0,19.977703244601262,28.0,13.0,71.3402887827606,-26.0,5.0,28.01680297323473,-25.0,13.0,61.29861619192417,-26.0,27.0,129.53882341764518,-54.0,67.0,282.3896652689649,-134.0,10.0,47.36123711162134,-40.0,15.0,57.92971295467926,-65.99999999999999,16.0,50.65041106945165,-80.0,62.0,336.2006488597517,-620.0
200812,2.465,11.0,38.092100914893436,3.0,13.49985187001338,-1.2000000000000002,6.0,44.8615318182101,2.4,9.0,43.08112080435826,27.0,4.0,25.01871695288006,16.0,2.0,8.9209676664639,8.0,15.0,57.229126902313716,15.0,8,17.46513508063953,15.2,8.0,21.29562195158204,22.4,4.0,17.5824175824176,28.0,0.0,0.0,0.0,21.0,135.89580774402032,71.39999999999998,7.0,25.122108518755397,56.0,6.0,32.4765241636321,36.0,4.0,25.342011961328392,28.0,0.0,0.0,0.0,11.0,38.76211063756684,55.0,0.0,0.0,0.0,3.0,2.4154589371980695,-6.0,2.0,5.611222444889781,-10.0,11.0,61.371751580150004,-22.0,6.0,29.16195985095291,-12.0,10.0,24.485782613964442,-20.0,5.0,15.195492805338864,-20.0,0.0,0.0,0.0,12.0,32.054033117722035,-60.0,9.0,45.95476630820857,-90.0
200901,2.464,46.0,212.08684179161187,1.0,5.11679644048943,-0.4,6.0,47.88436733675935,2.4,15.0,79.52036567961167,45.0,0.0,0.0,0.0,35.0,196.34763703462684,140.0,2.0,6.119868035190611,2.0,35,182.73805579497298,66.49999999999997,23.0,125.00546308271154,64.39999999999998,12.0,70.93870155047505,84.0,4.0,22.438316400580558,14.0,22.0,132.3208566249415,74.8,0.0,0.0,0.0,11.0,42.641474146048004,66.0,9.0,72.04071756791632,63.0,2.0,16.27906976744186,14.8,0.0,0.0,0.0,8.0,42.241408068926134,56.0,10.0,42.57823958639752,-20.0,2.0,11.441963054866278,-10.0,0.0,0.0,0.0,6.0,32.7999031249305,-12.0,8.0,21.99669497304097,-16.0,3.0,16.40650034332799,-12.0,0.0,0.0,0.0,10.0,53.569736482254584,-50.0,4.0,19.614859237048147,-40.0
200902,2.463083333333333,18.0,68.32725330718824,1.0,3.2258064516129,-0.4,1.0,4.3402777777777795,0.4,12.0,61.09522983178247,36.0,0.0,0.0,0.0,8.0,44.216570831643736,32.0,12.0,60.97435897435895,12.0,16,70.81401832957322,30.39999999999999,13.0,60.47711755699059,36.4,8.0,55.2495864551912,56.0,0.0,0.0,0.0,4.0,35.558796335977284,13.6,2.0,22.2222222222222,16.0,2.0,3.5928143712574796,12.0,5.0,24.495677233429397,35.0,0.0,0.0,0.0,3.0,22.35432368911582,15.0,0.0,0.0,0.0,2.0,13.745303138011579,-4.0,0.0,0.0,0.0,2.0,10.262843488649938,-4.0,2.0,3.5928143712574796,-4.0,1.0,1.55025565033976,-2.0,1.0,5.7971014492753605,-4.0,1.0,4.54086781029263,-4.4,1.0,4.22360248447205,-5.0,6.0,11.81574450604875,-60.0
200903,2.4621666666666666,179.0,683.8929205173075,50.0,234.49127433205481,-20.0,63.0,321.78991636112517,25.199999999999974,103.0,572.665418624788,309.0,21.0,128.52923535689982,84.0,60.0,268.9014331095608,240.0,117.0,572.7746855122115,117.0,123,565.7612853452881,233.7000000000004,119.0,561.4831929128962,333.2000000000005,83.0,404.21473250074854,581.0,3.0,18.38500246043462,10.5,91.0,511.03836128256944,309.4000000000001,7.0,33.37245237060621,56.0,37.0,176.81021131465457,222.0,11.0,56.46106895340867,77.0,19.0,115.20592644991548,140.60000000000005,16.0,86.78120762787306,80.0,8.0,58.06624414114411,56.0,34.0,136.92586485883447,-68.0,14.0,74.35929954658862,-70.0,35.0,176.02935648087902,-70.0,155.0,810.9387614864924,-310.0,94.0,349.65772124818625,-188.0,57.0,247.9477033697332,-228.0,35.0,172.30479373305266,-154.00000000000009,15.0,50.057432273752184,-75.0,306.0,1312.0271321532007,-3060.0
200904,2.46125,37.0,145.16963460531719,9.0,42.973672502906254,-3.6,12.0,68.39331402617317,4.8,29.0,187.15278170913425,87.0,0.0,0.0,0.0,8.0,51.90918472652216,32.0,33.0,118.13683817024472,33.0,22,120.33873467576224,41.799999999999976,21.0,117.20313425811511,58.79999999999998,13.0,77.98035739662215,91.0,7.0,39.401582621758244,24.5,30.0,164.66638807441396,102.00000000000006,6.0,19.674027868424076,48.0,12.0,43.19605369225773,72.0,8.0,46.17380482772665,56.0,7.0,28.77245452053257,51.8,5.0,11.78571428571429,25.0,0.0,0.0,0.0,6.0,24.495771472508174,-12.0,7.0,34.462419536311174,-35.0,4.0,24.6907388833166,-8.0,27.0,164.09829050387648,-54.0,31.0,106.072724261579,-62.0,6.0,23.966824779163225,-24.0,1.0,0.377358490566038,-4.4,21.0,77.57066373460991,-105.0,58.0,323.27335022716966,-580.0
200905,2.4603333333333333,34.0,147.01504846264737,0.0,0.0,0.0,3.0,18.47154175761985,1.2000000000000002,15.0,80.7309863488307,45.0,4.0,22.769619824765922,16.0,5.0,29.069767441860446,20.0,6.0,43.35204592723217,6.0,11,62.925731148313005,20.9,10.0,67.2090969855349,28.000000000000004,4.0,21.596426490580697,28.0,3.0,10.27837259100642,10.5,9.0,54.35047734207146,30.599999999999994,10.0,22.06595720678376,80.0,6.0,24.10394316775785,36.0,0.0,0.0,0.0,2.0,10.12658227848102,14.8,3.0,10.27837259100642,15.0,2.0,11.864406779661019,14.0,9.0,21.228235713381,-18.0,0.0,0.0,0.0,5.0,39.85221674876848,-10.0,3.0,11.048166121696744,-6.0,4.0,20.73802251184212,-8.0,8.0,43.80029753031239,-32.0,1.0,5.9322033898305095,-4.4,1.0,0.0,-5.0,13.0,52.40177425105801,-130.0
200906,2.459416666666667,66.0,297.7252179227458,14.0,81.95486920909838,-5.6000000000000005,5.0,22.648797574887983,2.0,55.0,395.4009100842292,165.0,10.0,49.618546135387355,40.0,10.0,52.468125909714004,40.0,51.0,277.25090950801973,51.0,46,258.08439272225945,87.40000000000003,28.0,158.26630923284554,78.39999999999995,19.0,117.44577913786264,133.0,0.0,0.0,0.0,37.0,240.0674700285136,125.80000000000008,5.0,48.017626022741005,40.0,22.0,93.1643884098752,132.0,11.0,71.86169875667616,77.0,11.0,72.60727543574589,81.4,4.0,29.59078707144248,20.0,11.0,44.960882845072604,77.0,1.0,4.76190476190476,-2.0,7.0,28.92315198056671,-35.0,7.0,32.77526449631492,-14.0,39.0,225.81044937247162,-78.0,53.0,191.52763146676975,-106.0,7.0,48.060519451629894,-28.0,18.0,86.16585477328579,-79.2,27.0,127.92206976949406,-135.0,131.0,594.2350960181487,-1310.0
200907,2.4585,40.0,219.32212342828197,2.0,12.328195770557866,-0.8,13.0,88.34781543881492,5.2,17.0,109.03646857656805,51.0,0.0,0.0,0.0,3.0,18.54706814461449,12.0,0.0,0.0,0.0,16,78.76751912545214,30.39999999999999,22.0,104.57417176994532,61.59999999999997,6.0,44.31137724550896,42.0,0.0,0.0,0.0,7.0,51.38419477386736,23.8,0.0,0.0,0.0,4.0,26.332678984714626,24.0,3.0,21.33792037808795,21.0,2.0,15.08620689655172,14.8,0.0,0.0,0.0,1.0,7.35294117647059,7.0,2.0,13.90498261877172,-4.0,0.0,0.0,0.0,5.0,18.596943806869486,-10.0,7.0,35.83204530635663,-14.0,7.0,32.26304134180965,-14.0,1.0,5.06478209658422,-4.0,0.0,0.0,0.0,4.0,17.856565090208207,-20.0,59.0,347.13205375570936,-590.0
200908,2.457583333333333,10.0,63.373610113702114,12.0,82.894126400865,-4.800000000000002,7.0,30.049108213870426,2.8,14.0,114.49791583477531,42.0,9.0,44.395448878056854,36.0,6.0,38.96499991916842,24.0,2.0,15.001431080843119,2.0,13,81.25285384091593,24.7,8.0,53.27269767119615,22.4,0.0,0.0,0.0,2.0,7.333333333333339,7.0,12.0,83.32004140139097,40.79999999999999,11.0,73.95980025922125,88.0,4.0,29.64474866470313,24.0,6.0,64.73572552431959,42.0,2.0,10.6294018248664,14.8,0.0,0.0,0.0,2.0,11.135371179039302,14.0,0.0,0.0,0.0,1.0,4.6620046620046605,-5.0,0.0,0.0,0.0,0.0,0.0,0.0,2.0,9.96753246753247,-4.0,0.0,0.0,0.0,1.0,7.3333069205454,-4.4,1.0,6.707787201233621,-5.0,5.0,21.46281560042831,-50.0
200909,2.456666666666667,11.0,81.37146962836839,4.0,33.0453819471521,-1.6,18.0,175.0589088317607,7.200000000000002,6.0,37.083385677094604,18.0,0.0,0.0,0.0,11.0,66.64083960049535,44.0,27.0,192.2493892526386,27.0,23,171.02324344479212,43.69999999999998,16.0,119.80721962687021,44.8,18.0,172.60026100383857,126.0,3.0,21.421342857459432,10.5,36.0,345.7963519321801,122.40000000000003,4.0,35.274578505422774,32.0,1.0,6.31768953068592,6.0,3.0,27.777777777777782,21.0,2.0,12.446983883100462,14.8,2.0,12.72727272727272,10.0,2.0,10.88751246506269,14.0,7.0,52.17672738220686,-14.0,3.0,21.07728337236534,-15.0,0.0,0.0,0.0,1.0,6.92490210393576,-2.0,2.0,9.38083448925723,-4.0,0.0,0.0,0.0,0.0,0.0,0.0,5.0,15.23510507434406,-25.0,11.0,71.9269953888265,-110.0
200910,2.45575,21.0,94.76069265143637,1.0,4.68375764648729,-0.4,0.0,0.0,0.0,8.0,52.70790412921375,24.0,7.0,30.08418166340262,28.0,9.0,37.39710904295417,36.0,38.0,304.14193046998327,38.0,30,196.92960623200568,56.99999999999997,39.0,230.16489944475933,109.19999999999992,6.0,55.35714285714289,42.0,8.0,70.32967032967032,28.0,6.0,36.69650096051913,20.4,10.0,56.38173315309261,80.0,2.0,12.501365339697609,12.0,0.0,0.0,0.0,11.0,57.69405988400406,81.4,4.0,19.700551195801467,20.0,10.0,26.76663868501909,70.0,2.0,14.806076854334231,-4.0,0.0,0.0,0.0,32.0,110.45271388894596,-64.0,3.0,25.84072332582848,-6.0,7.0,25.11691985608953,-14.0,3.0,26.8636920769077,-12.0,0.0,0.0,0.0,0.0,0.0,0.0,19.0,123.14754430305844,-190.0
200911,2.4548333333333336,12.0,83.08072664404622,2.0,18.553658022348717,-0.8,4.0,30.38855058502418,1.6,8.0,61.41543146692602,24.0,0.0,0.0,0.0,2.0,15.424164524421599,8.0,14.0,71.10686851003952,14.0,14,105.03840754204369,26.599999999999994,19.0,141.1239124690856,53.19999999999999,6.0,18.76599830742323,42.0,0.0,0.0,0.0,8.0,71.79294607319784,27.2,1.0,4.23011844331641,8.0,2.0,18.553658022348717,12.0,2.0,16.35514018691589,14.0,1.0,7.428923358922371,7.4,2.0,18.553658022348717,10.0,0.0,0.0,0.0,2.0,11.36363636363636,-4.0,0.0,0.0,0.0,0.0,0.0,0.0,2.0,8.46023688663282,-4.0,5.0,33.659542902143734,-10.0,4.0,20.98190294658043,-16.0,0.0,0.0,0.0,2.0,8.46023688663282,-10.0,5.0,21.716987392169862,-50.0
200912,2.4539166666666667,17.0,71.86633636597867,1.0,5.0125313283208,-0.4,8.0,23.797813279510468,3.2,8.0,85.14635809241771,24.0,0.0,0.0,0.0,0.0,0.0,0.0,3.0,19.03358248236656,3.0,10,58.76096491730255,19.0,8.0,48.07612027557774,22.4,6.0,34.26738840915275,42.0,0.0,0.0,0.0,2.0,13.235294117647062,6.8,4.0,22.68041237113404,32.0,1.0,3.99115044247787,6.0,3.0,23.286312534213554,21.0,5.0,26.13864762025786,37.0,0.0,0.0,0.0,1.0,5.0617283950617304,7.0,0.0,0.0,0.0,0.0,0.0,0.0,1.0,8.82295338817078,-2.0,3.0,7.95370779890904,-6.0,4.0,22.669489384990214,-8.0,1.0,7.64934045875734,-4.0,1.0,5.0125313283208,-4.4,6.0,23.889088783679448,-30.0,4.0,8.964610234337641,-40.0
201001,2.4530000000000003,2.0,14.062230798958213,12.0,41.17712722565983,-4.8,8.0,25.92540419110053,3.2,4.0,21.613384681047364,12.0,16.0,122.48326632636109,64.0,1.0,2.7559055118110196,4.0,2.0,15.61338289962826,2.0,25,100.0027553477297,47.49999999999998,29.0,126.74786366319886,81.19999999999995,2.0,13.6546446661884,14.0,20.0,147.03446769261978,70.0,7.0,65.5999360434968,23.8,16.0,119.13529301881759,128.0,0.0,0.0,0.0,0.0,0.0,0.0,2.0,15.461346633416461,14.8,1.0,8.8695652173913,5.0,25.0,129.0581274751487,175.0,0.0,0.0,0.0,0.0,0.0,0.0,1.0,8.8695652173913,-2.0,0.0,0.0,0.0,10.0,44.723136445985965,-20.0,0.0,0.0,0.0,2.0,17.52136752136752,-8.8,9.0,30.11093486017549,-45.0,0.0,0.0,0.0
201002,2.449416666666667,12.0,99.13208704744106,2.0,6.43105446118192,-0.8,5.0,32.169847905099786,2.0,9.0,51.16374061480322,27.0,4.0,30.452500981072873,16.0,17.0,91.81864856661093,68.0,16.0,168.46803632038458,16.0,26,143.31498458037416,49.399999999999984,30.0,189.96038936674333,83.99999999999996,0.0,0.0,0.0,0.0,0.0,0.0,2.0,14.963609898107721,6.8,0.0,0.0,0.0,1.0,7.476635514018691,6.0,0.0,0.0,0.0,0.0,0.0,0.0,1.0,1.94552529182879,5.0,2.0,12.09677419354838,14.0,0.0,0.0,0.0,0.0,0.0,0.0,1.0,5.26315789473684,-2.0,0.0,0.0,0.0,4.0,19.69572368421052,-8.0,0.0,0.0,0.0,0.0,0.0,0.0,1.0,3.44086021505376,-5.0,1.0,7.476635514018691,-10.0
201003,2.4458333333333337,2.0,11.320754716981142,0.0,0.0,0.0,1.0,10.855263157894699,0.4,0.0,0.0,0.0,0.0,0.0,0.0,0.0,0.0,0.0,3.0,25.804340713272982,3.0,2,11.320754716981142,3.8,2.0,11.320754716981142,5.6,0.0,0.0,0.0,0.0,0.0,0.0,8.0,61.61317654838911,27.2,0.0,0.0,0.0,0.0,0.0,0.0,0.0,0.0,0.0,0.0,0.0,0.0,0.0,0.0,0.0,3.0,9.25925925925926,21.0,0.0,0.0,0.0,0.0,0.0,0.0,0.0,0.0,0.0,0.0,0.0,0.0,1.0,4.545454545454549,-2.0,0.0,0.0,0.0,0.0,0.0,0.0,2.0,6.172839506172839,-10.0,0.0,0.0,0.0
201004,2.4422500000000005,54.0,265.18486249330005,7.0,46.96702357322137,-2.8,17.0,87.49543372078821,6.8000000000000025,14.0,86.67681082888132,42.0,24.0,86.76287810586882,96.0,29.0,132.94697903803032,116.0,55.0,167.8131559982374,55.0,76,332.2485507309878,144.4000000000002,73.0,314.0596579575196,204.40000000000015,42.0,204.65805102002545,294.0,1.0,2.93255131964809,3.5,19.0,108.80660691508638,64.59999999999998,7.0,56.59548253773996,56.0,8.0,45.987697828727065,48.0,2.0,11.96262146625963,14.0,5.0,26.071017215397863,37.0,4.0,15.36003932170068,20.0,36.0,185.91467920888945,252.0,1.0,4.28571428571429,-2.0,15.0,91.48404333812219,-75.0,7.0,53.53746473512108,-14.0,18.0,98.66174615474979,-36.0,22.0,117.86869557579456,-44.0,1.0,6.267029972752041,-4.0,17.0,101.80682951772741,-74.8,94.0,448.9127478779002,-470.0,16.0,77.47459541537626,-160.0
201005,2.4386666666666668,1.0,4.41558441558442,0.0,0.0,0.0,1.0,2.44360902255639,0.4,7.0,60.818860642671325,21.0,0.0,0.0,0.0,1.0,7.397622192866581,4.0,0.0,0.0,0.0,19,79.3866950101538,36.09999999999999,19.0,79.38669501015376,53.19999999999998,0.0,0.0,0.0,0.0,0.0,0.0,7.0,46.01623875085328,23.8,0.0,0.0,0.0,0.0,0.0,0.0,1.0,5.273343009192071,7.0,0.0,0.0,0.0,0.0,0.0,0.0,2.0,22.6436781609195,14.0,0.0,0.0,0.0,3.0,19.18870478071619,-15.0,1.0,8.02919708029197,-2.0,0.0,0.0,0.0,9.0,31.28697379237969,-18.0,0.0,0.0,0.0,1.0,5.27131782945736,-4.4,1.0,4.41558441558442,-5.0,0.0,0.0,0.0
201006,2.435083333333333,5.0,24.85438176467654,3.0,16.82606228674783,-1.2000000000000002,0.0,0.0,0.0,2.0,7.68604651162791,6.0,0.0,0.0,0.0,3.0,10.5,12.0,8.0,31.114942528735643,8.0,6,17.950950645664264,11.4,11.0,39.565157954480426,30.800000000000004,6.0,21.0,42.0,0.0,0.0,0.0,1.0,6.402439024390239,3.4,0.0,0.0,0.0,0.0,0.0,0.0,0.0,0.0,0.0,0.0,0.0,0.0,0.0,0.0,0.0,0.0,0.0,0.0,2.0,9.2381523695261,-4.0,4.0,20.13645171948813,-20.0,1.0,2.5706940874036004,-2.0,1.0,2.5706940874036004,-2.0,0.0,0.0,0.0,0.0,0.0,0.0,3.0,13.087248322147648,-13.2,5.0,24.056292488807827,-25.0,2.0,10.783442634510967,-20.0
201007,2.4315,17.0,116.94783988136076,12.0,63.78349214939095,-4.800000000000002,2.0,10.32863849765258,0.8,11.0,55.19621639997585,33.0,2.0,13.11999015446346,8.0,7.0,34.50569826408754,28.0,27.0,167.2605131694806,27.0,6,38.79641729954579,11.4,6.0,38.79641729954579,16.8,9.0,35.68922235639898,63.0,2.0,16.3265306122449,7.0,5.0,56.624459407194,17.0,0.0,0.0,0.0,1.0,5.86666666666667,6.0,3.0,16.639072847682122,21.0,1.0,5.54635761589404,7.4,1.0,5.54635761589404,5.0,3.0,16.639072847682122,21.0,0.0,0.0,0.0,1.0,6.49350649350649,-5.0,1.0,7.99086757990868,-2.0,0.0,0.0,0.0,0.0,0.0,0.0,3.0,27.700485159817358,-12.0,1.0,5.54635761589404,-4.4,5.0,26.220757954654022,-25.0,3.0,20.24142876561121,-30.0
201008,2.427916666666667,16.0,112.36740757157258,8.0,59.414763749793494,-3.2,0.0,0.0,0.0,40.0,325.6812803849622,120.0,9.0,65.2311435936838,36.0,41.0,250.24544999956225,164.0,29.0,153.70684922561884,29.0,39,264.79255487466537,74.1,29.0,209.17628978780232,81.19999999999995,49.0,286.71640745725944,343.0,14.0,103.05852027939468,49.0,19.0,151.77156376053952,64.59999999999998,18.0,118.46980611925129,144.0,6.0,44.528702530839176,36.0,5.0,37.63453424212917,35.0,2.0,12.80362681937485,14.8,0.0,0.0,0.0,5.0,33.360565528387305,35.0,12.0,143.93984213083775,-24.0,2.0,15.976331360946741,-10.0,2.0,14.70588235294118,-4.0,3.0,16.315789473684212,-6.0,7.0,32.63471003470323,-14.0,9.0,48.76429303424211,-36.0,1.0,4.83870967741935,-4.4,9.0,48.330172392239675,-45.0,5.0,27.5319942936582,-50.0
201009,2.4243333333333337,15.0,113.5046675951762,8.0,44.499111753573864,-3.2,4.0,30.98639132089841,1.6,42.0,309.27644741451707,126.0,13.0,94.08096415208423,52.0,25.0,76.7437510052718,100.0,57.0,354.65921914624425,57.0,34,246.88733353018523,64.59999999999998,35.0,235.03210225395543,97.99999999999994,34.0,158.6998539781711,238.0,5.0,40.673832205122636,17.5,22.0,206.6919728068518,74.80000000000003,6.0,59.96277709962775,48.0,11.0,75.07634342864392,66.0,14.0,117.75354966463571,98.0,12.0,87.85206080868043,88.80000000000003,4.0,33.115180973873905,20.0,1.0,9.39597315436242,7.0,0.0,0.0,0.0,1.0,3.4653465346534698,-5.0,0.0,0.0,0.0,2.0,18.69158878504672,-4.0,0.0,0.0,0.0,12.0,100.78732524583084,-48.0,8.0,60.07000437622969,-35.2,13.0,72.98665026766915,-65.0,2.0,9.6,-20.0
201010,2.42075,18.0,75.0579228739152,0.0,0.0,0.0,0.0,0.0,0.0,1.0,6.15563298490128,3.0,3.0,14.22916569333195,12.0,26.0,90.09399904678324,104.0,30.0,190.6706815610273,30.0,32,168.84840593189296,60.79999999999997,36.0,142.46074736329652,100.79999999999994,21.0,112.98269460054328,147.0,9.0,48.14720697117414,31.5,3.0,21.22809193121694,10.2,0.0,0.0,0.0,5.0,33.51738108156992,30.0,0.0,0.0,0.0,2.0,8.76392059210071,14.8,0.0,0.0,0.0,0.0,0.0,0.0,0.0,0.0,0.0,4.0,27.27272727272726,-20.0,4.0,19.01522897456599,-8.0,6.0,29.06259652540428,-12.0,6.0,27.146951087453306,-12.0,3.0,13.77823069500785,-12.0,0.0,0.0,0.0,0.0,0.0,0.0,0.0,0.0,0.0
201011,2.4171666666666667,4.0,17.4637796185046,7.0,39.343931673612644,-2.8,11.0,97.90359455440544,4.4,7.0,53.821321297194956,21.0,1.0,4.29447852760736,4.0,0.0,0.0,0.0,6.0,47.8771797102322,6.0,10,51.72733681411272,19.0,10.0,53.252059700913584,28.000000000000004,2.0,7.857142857142861,14.0,2.0,8.90224828934506,7.0,5.0,44.30899693883629,17.0,1.0,3.77358490566038,8.0,0.0,0.0,0.0,9.0,63.702908227029845,63.0,3.0,22.79412701554164,22.200000000000006,4.0,38.47826846058384,20.0,1.0,9.59692898272553,7.0,0.0,0.0,0.0,8.0,75.90940732621993,-40.0,1.0,5.44090056285178,-2.0,0.0,0.0,0.0,2.0,4.777248733678809,-4.0,3.0,12.883435582822079,-12.0,2.0,5.5248618784530406,-8.8,4.0,19.176543011196262,-20.0,2.0,13.570310053241469,-20.0
201012,2.4135833333333334,17.0,148.35925133097808,3.0,17.658084643870247,-1.2000000000000002,2.0,16.353119066038403,0.8,2.0,13.851283869791642,6.0,0.0,0.0,0.0,3.0,29.38115923236515,12.0,32.0,241.98225089878883,32.0,16,86.5296626548338,30.399999999999995,13.0,69.96360954568969,36.4,13.0,74.49805733563608,91.0,1.0,12.3046875,3.5,4.0,33.78134296642585,13.6,0.0,0.0,0.0,1.0,7.60869565217391,6.0,0.0,0.0,0.0,5.0,43.22331271199506,37.0,0.0,0.0,0.0,6.0,39.82245251185246,42.0,5.0,16.926609191562058,-10.0,0.0,0.0,0.0,4.0,14.51390870034594,-8.0,2.0,10.884353741496598,-4.0,0.0,0.0,0.0,0.0,0.0,0.0,4.0,25.709691819028134,-17.6,3.0,19.51219512195123,-15.0,2.0,16.950338933097544,-20.0
201101,2.41,18.0,83.91162429204483,3.0,11.099670694521448,-1.2000000000000002,0.0,0.0,0.0,7.0,48.867919071967776,21.0,0.0,0.0,0.0,7.0,16.95501730103804,28.0,25.0,90.54542695339008,25.0,10,49.324232478532686,19.0,9.0,42.55539467521213,25.200000000000006,10.0,51.488001660933904,70.0,0.0,0.0,0.0,13.0,109.7891933064952,44.19999999999999,0.0,0.0,0.0,7.0,35.75228881032668,42.0,0.0,0.0,0.0,1.0,6.7226890756302495,7.4,2.0,23.948557525199906,10.0,4.0,11.392405063291118,28.0,0.0,0.0,0.0,0.0,0.0,0.0,0.0,0.0,0.0,2.0,8.95522388059702,-4.0,0.0,0.0,0.0,2.0,9.20753487916954,-8.0,1.0,3.44353270407438,-4.4,14.0,71.55339858911623,-70.0,2.0,13.167795334838221,-20.0
201102,2.411,9.0,57.52248470920393,1.0,7.994579945799461,-0.4,3.0,30.074075407329197,1.2000000000000002,15.0,93.36841597005197,45.0,2.0,10.122113320855789,8.0,0.0,0.0,0.0,7.0,31.318852301556877,7.0,13,86.88988477802273,24.7,10.0,54.43414458614203,28.000000000000004,3.0,19.900300232255148,21.0,0.0,0.0,0.0,12.0,91.79283511642565,40.79999999999999,0.0,0.0,0.0,3.0,27.824658069430733,18.0,5.0,34.246575342465746,35.0,1.0,7.22477064220183,7.4,0.0,0.0,0.0,1.0,9.892729439809301,7.0,0.0,0.0,0.0,1.0,7.994579945799461,-5.0,0.0,0.0,0.0,0.0,0.0,0.0,2.0,10.88938510974348,-4.0,0.0,0.0,0.0,0.0,0.0,0.0,3.0,5.196850393700791,-15.0,1.0,2.734375,-10.0
201103,2.412,3.0,30.28076125871496,0.0,0.0,0.0,1.0,8.36431226765799,0.4,6.0,44.87036899452522,18.0,10.0,62.498015882806385,40.0,10.0,55.56199034424698,40.0,6.0,43.035257723440495,6.0,8,46.478297134733154,15.2,14.0,66.83042527613901,39.2,20.0,145.5502063369315,140.0,3.0,28.217821782178234,10.5,22.0,188.02986923915276,74.79999999999998,27.0,146.01192229009519,216.0,4.0,31.44958530066853,24.0,1.0,7.56013745704467,7.0,0.0,0.0,0.0,0.0,0.0,0.0,0.0,0.0,0.0,0.0,0.0,0.0,1.0,8.839779005524859,-5.0,0.0,0.0,0.0,0.0,0.0,0.0,0.0,0.0,0.0,0.0,0.0,0.0,0.0,0.0,0.0,0.0,0.0,0.0,2.0,6.34920634920634,-20.0
201104,2.4130000000000003,5.0,30.73846608418983,1.0,5.882352941176469,-0.4,0.0,0.0,0.0,5.0,35.03463897981609,15.0,0.0,0.0,0.0,1.0,5.882352941176469,4.0,29.0,163.6547474220341,29.0,1,9.71128608923885,1.9,0.0,0.0,0.0,4.0,22.7626000942063,28.0,0.0,0.0,0.0,4.0,28.242633805492396,13.6,0.0,0.0,0.0,2.0,11.398963730569939,12.0,1.0,9.71128608923885,7.0,1.0,9.71128608923885,7.4,0.0,0.0,0.0,0.0,0.0,0.0,0.0,0.0,0.0,0.0,0.0,0.0,0.0,0.0,0.0,2.0,4.67289719626168,-4.0,0.0,0.0,0.0,0.0,0.0,0.0,0.0,0.0,0.0,3.0,7.00934579439252,-15.0,0.0,0.0,0.0
201105,2.414,9.0,41.60716747243955,0.0,0.0,0.0,3.0,18.57142857142857,1.2000000000000002,2.0,12.80788177339902,6.0,0.0,0.0,0.0,16.0,117.6788124156545,64.0,9.0,87.70438194898627,9.0,6,27.131817261220352,11.4,6.0,27.131817261220352,16.8,2.0,16.94570135746607,14.0,0.0,0.0,0.0,5.0,22.769699453551922,17.0,6.0,49.420882062843454,48.0,0.0,0.0,0.0,2.0,11.715481171548118,14.0,2.0,12.31805035323123,14.8,0.0,0.0,0.0,0.0,0.0,0.0,2.0,14.709851551956811,-4.0,0.0,0.0,0.0,0.0,0.0,0.0,0.0,0.0,0.0,4.0,6.228038289106999,-8.0,2.0,13.07692307692308,-8.0,0.0,0.0,0.0,0.0,0.0,0.0,5.0,10.501542562611274,-50.0
201106,2.415,17.0,117.08057039533495,9.0,57.78205028634721,-3.6,3.0,14.669376338446753,1.2000000000000002,1.0,3.5123966942148797,3.0,3.0,21.138211382113827,12.0,17.0,117.49335001470708,68.0,21.0,145.79638331179268,21.0,3,23.285828132600546,5.699999999999998,6.0,41.2335721506774,16.8,3.0,27.76937104721993,21.0,0.0,0.0,0.0,10.0,84.50124410946258,33.99999999999999,0.0,0.0,0.0,2.0,10.04784688995216,12.0,0.0,0.0,0.0,5.0,36.76443460616122,37.0,0.0,0.0,0.0,1.0,6.94444444444444,7.0,1.0,1.8796992481203,-2.0,0.0,0.0,0.0,3.0,11.84294984389528,-6.0,0.0,0.0,0.0,0.0,0.0,0.0,0.0,0.0,0.0,10.0,29.23976608187129,-43.99999999999999,1.0,11.2676056338028,-5.0,0.0,0.0,0.0
201107,2.4160000000000004,10.0,75.14146305397402,0.0,0.0,0.0,0.0,0.0,0.0,4.0,19.090328056612265,12.0,2.0,14.857093663911849,8.0,1.0,3.68421052631579,4.0,9.0,35.343066835243455,9.0,2,6.9693406781178,3.8,0.0,0.0,0.0,0.0,0.0,0.0,2.0,11.512095350935938,7.0,10.0,82.16188985042547,34.0,0.0,0.0,0.0,6.0,35.95289665968133,36.0,0.0,0.0,0.0,3.0,25.263699511191135,22.200000000000006,0.0,0.0,0.0,0.0,0.0,0.0,0.0,0.0,0.0,5.0,19.845103533647013,-25.0,0.0,0.0,0.0,2.0,6.9693406781178,-4.0,4.0,13.775706059775159,-8.0,2.0,12.08333333333334,-8.0,0.0,0.0,0.0,2.0,14.857093663911849,-10.0,6.0,26.35779685227013,-60.0
201108,2.4170000000000003,10.0,41.3692216770139,4.0,23.05747126436782,-1.6,1.0,3.8834951456310693,0.4,18.0,80.53389605708091,54.0,0.0,0.0,0.0,43.0,206.05673720291944,172.0,10.0,78.44983723792016,10.0,18,87.36139484252695,34.19999999999999,18.0,86.57726008658749,50.399999999999984,5.0,31.677778940297106,35.0,2.0,15.466551823140971,7.0,19.0,154.18897418695573,64.59999999999998,0.0,0.0,0.0,5.0,39.78967243550977,30.0,3.0,38.1697279539006,21.0,2.0,18.3711930558232,14.8,2.0,17.5702211218304,10.0,1.0,5.501392757660169,7.0,0.0,0.0,0.0,3.0,15.01655111065017,-15.0,2.0,11.33333333333334,-4.0,0.0,0.0,0.0,4.0,9.05843561806866,-8.0,0.0,0.0,0.0,0.0,0.0,0.0,2.0,3.5519125683060198,-10.0,9.0,37.596541013065725,-90.0
201109,2.418,30.0,205.1833250412456,0.0,0.0,0.0,7.0,31.132466332481226,2.8,72.0,631.4028305024698,216.0,21.0,135.03492011395014,84.0,18.0,93.70260168568804,72.0,26.0,111.02475474204272,26.0,41,184.56448151421193,77.9,45.0,211.54950777678212,125.99999999999993,6.0,31.83431265387226,42.0,12.0,79.18486505648609,42.0,34.0,220.73311515911803,115.60000000000004,5.0,26.166882761773575,40.0,2.0,21.04555582880843,12.0,4.0,28.093645484949842,28.0,1.0,6.91144708423326,7.4,4.0,18.03601620124059,20.0,13.0,50.8498085311137,91.0,0.0,0.0,0.0,2.0,10.50074811029284,-10.0,9.0,53.57505015985093,-18.0,7.0,63.66660383719913,-14.0,0.0,0.0,0.0,3.0,14.978972194284992,-12.0,0.0,0.0,0.0,17.0,85.7184049425767,-85.0,12.0,63.28648975434263,-120.0
201110,2.419,13.0,70.64482600339258,0.0,0.0,0.0,0.0,0.0,0.0,4.0,33.11748865052723,12.0,3.0,15.903491742911598,12.0,4.0,16.62362745308516,16.0,18.0,85.04741707428289,18.0,4,18.95114548391573,7.6,4.0,21.96806914446964,11.2,8.0,47.19874893096838,56.0,0.0,0.0,0.0,4.0,58.3564356435645,13.6,0.0,0.0,0.0,1.0,7.60233918128655,6.0,2.0,15.2046783625731,14.0,1.0,6.47321428571429,7.4,0.0,0.0,0.0,0.0,0.0,0.0,3.0,13.28367466743463,-6.0,0.0,0.0,0.0,1.0,1.89681335356601,-2.0,0.0,0.0,0.0,0.0,0.0,0.0,2.0,3.79362670713202,-8.0,1.0,4.4609665427509295,-4.4,8.0,33.72773295254777,-40.0,3.0,24.737924953463317,-30.0
201111,2.42,8.0,38.77174270726804,0.0,0.0,0.0,5.0,51.577243867281894,2.0,6.0,32.410790944731396,18.0,0.0,0.0,0.0,23.0,86.34528937825,92.0,25.0,126.14842528898792,25.0,7,44.37707972299945,13.3,8.0,47.22554917059298,22.4,0.0,0.0,0.0,4.0,35.885009678113114,14.0,6.0,56.12973366430874,20.4,0.0,0.0,0.0,0.0,0.0,0.0,3.0,18.160332620420508,21.0,6.0,62.220887540708524,44.4,0.0,0.0,0.0,0.0,0.0,0.0,0.0,0.0,0.0,0.0,0.0,0.0,0.0,0.0,0.0,0.0,0.0,0.0,2.0,10.059832107222439,-4.0,2.0,8.020050125313281,-8.0,1.0,8.75331564986737,-4.4,1.0,4.0100250626566405,-5.0,1.0,4.112554112554109,-10.0
201112,2.4210000000000003,75.0,310.8482609164059,9.0,47.87044755181349,-3.6,11.0,32.55008532331539,4.4,44.0,183.7669493153936,132.0,1.0,3.6231884057971,4.0,8.0,43.12458618888571,32.0,78.0,431.16642371561966,78.0,40,154.08164908321532,76.0,37.0,146.5055753933139,103.59999999999994,25.0,134.28693477792405,175.0,0.0,0.0,0.0,14.0,83.0342669991547,47.59999999999999,3.0,31.059635375302182,24.0,7.0,52.998501860563294,42.0,6.0,24.8698612856938,42.0,0.0,0.0,0.0,16.0,22.62198613177209,80.0,4.0,14.91386720497232,28.0,9.0,20.01387365347569,-18.0,1.0,1.2158054711246202,-5.0,10.0,24.311101551335803,-20.0,20.0,78.38109936465628,-40.0,13.0,48.914625191501294,-26.0,15.0,60.65050889382861,-60.0,5.0,27.41040563329354,-22.0,35.0,116.37442638598921,-175.0,105.0,361.8276305665637,-1050.0
201201,2.4219999999999997,59.0,327.9896146105787,17.0,103.48187929789923,-6.8000000000000025,10.0,73.00031780109299,4.0,35.0,224.72718397268318,105.0,13.0,145.49652420792958,52.0,12.0,84.61015448986161,48.0,41.0,212.96690509381855,41.0,50,225.57211215212357,95.00000000000004,43.0,164.73275645025538,120.39999999999992,25.0,153.6800656032461,175.0,2.0,14.620651228896348,7.0,26.0,162.32233115358932,88.40000000000002,0.0,0.0,0.0,10.0,40.75535599184513,60.0,3.0,18.01697833902299,21.0,2.0,10.75949367088608,14.8,18.0,48.57277305350722,90.0,2.0,15.384615384615381,14.0,7.0,40.95550218201527,-14.0,10.0,88.41243795467683,-50.0,3.0,21.2488933038243,-6.0,6.0,36.38055735550414,-12.0,15.0,70.24726220348786,-30.0,20.0,96.44490133783816,-80.0,7.0,31.085907241153897,-30.8,7.0,18.88773388773388,-35.0,44.0,172.4287783337046,-440.0
201202,2.418166666666667,0.0,0.0,0.0,0.0,0.0,3.0,18.71527686640945,1.2000000000000002,1.0,3.4986319847108,3.0,8.0,58.53572849291398,32.0,7.0,57.796538100885954,28.0,3.0,8.254563801978493,3.0,4,17.699112050721077,7.6,3.0,15.14655949816853,8.399999999999999,2.0,19.087899676753512,14.0,0.0,0.0,0.0,4.0,28.349739364492265,13.6,10.0,33.70720134830634,80.0,0.0,0.0,0.0,3.0,31.16484184914846,21.0,0.0,0.0,0.0,0.0,0.0,0.0,4.0,37.27517195014738,28.0,2.0,12.53561253561254,-4.0,0.0,0.0,0.0,0.0,0.0,0.0,2.0,8.98345153664302,-4.0,0.0,0.0,0.0,1.0,7.526881720430111,-4.0,0.0,0.0,0.0,0.0,0.0,0.0,4.0,19.283727629820962,-40.0
201203,2.414333333333333,58.0,280.4625188362793,6.0,30.99203596773178,-2.4,9.0,57.85636803797881,3.6,67.0,389.7252585794437,201.0,0.0,0.0,0.0,0.0,0.0,0.0,3.0,28.272251308900533,3.0,46,250.06174209930373,87.40000000000003,48.0,254.26462974014225,134.39999999999995,15.0,78.63990604381834,105.0,7.0,33.29975753128654,24.5,46.0,332.51601948986803,156.4000000000001,0.0,0.0,0.0,8.0,42.38584174014065,48.0,3.0,15.20694936905338,21.0,6.0,37.625570650502546,44.4,2.0,0.0,10.0,5.0,44.074312470263244,35.0,9.0,44.59625047551189,-18.0,8.0,75.49636257488237,-40.0,27.0,130.14520460736688,-54.0,4.0,21.4270212476352,-8.0,9.0,48.26962420398112,-18.0,11.0,46.82535035757062,-44.0,0.0,0.0,0.0,10.0,44.794557737632154,-50.0,21.0,113.58555854777651,-210.0
201204,2.4105,253.0,1180.8091016877427,45.0,230.21870452482185,-18.000000000000004,59.0,249.73766693223226,23.59999999999999,239.0,1222.7221214716228,717.0,64.0,323.82584946788245,256.0,286.0,1273.1131520325498,1144.0,275.0,1333.0675059353152,275.0,114,521.6068498334549,216.60000000000028,118.0,529.2467182224046,330.4000000000005,157.0,698.6908304424909,1099.0,125.0,688.6419420116823,437.5,76.0,424.0941044864341,258.40000000000026,54.0,267.40510696711533,432.0,74.0,321.02106227219133,444.0,36.0,159.48026050234,252.0,3.0,14.187899013205,22.200000000000006,38.0,170.77588525522214,190.0,73.0,350.2632424984283,511.0,5.0,11.74758386441627,-10.0,23.0,149.10889455363449,-115.0,23.0,108.17475159391016,-46.0,306.0,1581.6245752455607,-612.0,82.0,383.25193421468384,-164.0,122.0,649.5578148838129,-488.0,53.0,183.46363315857482,-233.2000000000002,141.0,541.4653855545047,-705.0,46.0,147.5443521587918,-460.0
201205,2.4066666666666667,76.0,417.4297227916043,28.0,173.29546103228734,-11.200000000000005,12.0,58.57016062635789,4.8,80.0,485.0891870025824,240.0,28.0,154.8391362129383,112.0,62.0,292.18313620003613,248.0,84.0,466.49229469577193,84.0,90,487.30647375651904,171.00000000000026,93.0,478.39592947472,260.4000000000001,78.0,474.1948265442855,546.0,21.0,126.94127402882224,73.5,34.0,231.45147536739688,115.60000000000004,34.0,221.12151722872727,272.0,39.0,218.35945159862544,234.0,4.0,30.60487795889256,28.0,8.0,55.56719526443351,59.2,6.0,40.03923020173581,30.0,51.0,360.8673938637645,357.0,2.0,13.15578393282366,-4.0,34.0,195.3229712969519,-170.0,3.0,20.18484091923633,-6.0,23.0,170.23218664350554,-46.0,13.0,77.63815270553968,-26.0,38.0,244.28748179101174,-152.0,3.0,19.68383589057936,-13.2,19.0,111.01539455520712,-95.0,7.0,34.73801951144618,-70.0
201206,2.4028333333333336,16.0,88.27434312589868,1.0,6.1776061776061795,-0.4,0.0,0.0,0.0,14.0,76.88806965461877,42.0,4.0,20.785163922383077,16.0,0.0,0.0,0.0,10.0,72.41361321096922,10.0,7,47.09856065585061,13.3,13.0,70.4177635598286,36.4,3.0,17.670011148272017,21.0,0.0,0.0,0.0,7.0,45.71031129361489,23.8,0.0,0.0,0.0,1.0,10.1092896174863,6.0,7.0,50.260639109106435,49.0,2.0,13.6834458305262,14.8,1.0,7.35694822888283,5.0,13.0,74.64877611117682,91.0,0.0,0.0,0.0,0.0,0.0,0.0,6.0,27.16349640207509,-12.0,5.0,31.15015665737382,-10.0,2.0,10.0,-4.0,0.0,0.0,0.0,0.0,0.0,0.0,7.0,37.003057439255045,-35.0,4.0,25.4835468135785,-40.0
201207,2.399,21.0,122.98612981899628,6.0,37.03081048402883,-2.4,1.0,4.9504950495049505,0.4,4.0,43.03660896689127,12.0,3.0,22.30284014772691,12.0,6.0,51.22896593801797,24.0,23.0,101.84701189342785,23.0,24,128.65610597954134,45.59999999999999,18.0,92.64502301066909,50.399999999999984,8.0,31.653400556150213,56.0,5.0,43.95741226722145,17.5,54.0,399.7263407077346,183.60000000000016,0.0,0.0,0.0,7.0,33.222635445826306,42.0,1.0,4.91143317230274,7.0,0.0,0.0,0.0,1.0,4.4045676998368695,5.0,0.0,0.0,0.0,2.0,9.64240102171136,-4.0,18.0,110.69926944698635,-90.0,1.0,5.887939221272559,-2.0,5.0,31.39349281239653,-10.0,4.0,37.007667357743436,-8.0,7.0,34.08855195224915,-28.0,9.0,66.83072209385382,-39.6,6.0,42.0450730233339,-30.0,11.0,34.28987490532604,-110.0
201208,2.3951666666666664,8.0,42.522939239231896,1.0,5.668016194331981,-0.4,1.0,10.3512014787431,0.4,5.0,26.600001629756107,15.0,3.0,10.826336283099188,12.0,4.0,14.75547800446156,16.0,9.0,32.85890957269464,9.0,5,20.235012791033725,9.5,5.0,20.235012791033725,14.0,1.0,8.50111856823266,7.0,0.0,0.0,0.0,3.0,29.55237854630729,10.2,9.0,65.28565827087482,72.0,5.0,37.95036045866714,30.0,0.0,0.0,0.0,0.0,0.0,0.0,1.0,0.29585798816568,5.0,3.0,14.463009798637302,21.0,1.0,8.15893535544492,-2.0,0.0,0.0,0.0,2.0,9.46389759432898,-4.0,0.0,0.0,0.0,1.0,9.04605263157895,-2.0,2.0,7.37773900223078,-8.0,4.0,36.544728638019365,-17.6,1.0,9.04605263157895,-5.0,0.0,0.0,0.0
201209,2.3913333333333333,4.0,9.821150786243187,0.0,0.0,0.0,0.0,0.0,0.0,8.0,58.6081879697877,24.0,9.0,81.2230373988411,36.0,3.0,17.708385502746196,12.0,20.0,77.61296424958404,20.0,7,36.18886979843272,13.3,6.0,27.515400410677618,16.8,7.0,12.173851016236371,49.0,8.0,73.22033898305087,28.0,2.0,26.922378425087,6.8,4.0,34.14634146341464,32.0,9.0,45.79944333951442,54.0,0.0,0.0,0.0,0.0,0.0,0.0,1.0,11.1229946524064,5.0,2.0,9.21658986175116,14.0,0.0,0.0,0.0,6.0,43.89341667284458,-30.0,0.0,0.0,0.0,0.0,0.0,0.0,0.0,0.0,0.0,0.0,0.0,0.0,0.0,0.0,0.0,1.0,3.3112582781457003,-5.0,0.0,0.0,0.0
201210,2.3875,28.0,85.68264373707369,6.0,17.978262306580017,-2.4,9.0,48.19646631774912,3.6,25.0,96.58664434240565,75.0,5.0,33.44775869106418,20.0,4.0,22.28091412640768,16.0,8.0,23.88877798827682,8.0,10,48.874755503942076,19.0,8.0,37.10478459269725,22.4,0.0,0.0,0.0,1.0,6.70731707317073,3.5,21.0,113.43488537783895,71.39999999999998,1.0,10.224438902743099,8.0,7.0,40.92742874450911,42.0,0.0,0.0,0.0,1.0,5.32915360501567,7.4,2.0,17.142857142857142,10.0,0.0,0.0,0.0,2.0,13.33333333333334,-4.0,1.0,6.69546436285097,-5.0,4.0,18.00615300381034,-8.0,10.0,48.73418667132802,-20.0,47.0,136.70323045412783,-94.0,11.0,32.98173896944834,-44.0,0.0,0.0,0.0,48.0,164.75994283894963,-240.0,111.0,417.74429057870077,-1110.0
201211,2.3836666666666666,17.0,37.43304101862913,6.0,24.369419441991766,-2.4,1.0,3.9312039312039304,0.4,24.0,73.17575651318008,72.0,2.0,3.2258064516129,8.0,5.0,14.770444763271149,20.0,24.0,43.106011584117425,24.0,24,48.16212051926289,45.59999999999999,19.0,43.19133486755328,53.19999999999998,18.0,26.570500997867974,126.0,7.0,18.918856945743038,24.5,10.0,29.94703559611504,33.99999999999999,2.0,7.4074074074074,16.0,14.0,38.560661245278006,84.0,2.0,11.94029850746268,14.0,7.0,15.18449492103669,51.8,4.0,13.2999582811848,20.0,0.0,0.0,0.0,0.0,0.0,0.0,5.0,22.734672422060807,-25.0,0.0,0.0,0.0,11.0,34.51968901636945,-22.0,20.0,38.305698003129095,-40.0,9.0,21.072658563903868,-36.0,0.0,0.0,0.0,5.0,11.742726733239062,-25.0,4.0,9.711238842792161,-40.0
201212,2.379833333333333,8.0,24.149432933323325,6.0,15.574967402846417,-2.4,0.0,0.0,0.0,5.0,5.7928275325611605,15.0,1.0,2.40963855421687,4.0,5.0,11.454923022020171,20.0,7.0,1.185770750988142,7.0,10,19.344353043408827,19.0,11.0,20.735307965415622,30.800000000000004,0.0,0.0,0.0,5.0,9.558152102037086,17.5,8.0,30.14668629066343,27.2,0.0,0.0,0.0,0.0,0.0,0.0,1.0,0.505050505050505,7.0,3.0,8.111648444070651,22.200000000000006,0.0,0.0,0.0,1.0,2.35137533274179,7.0,9.0,11.102438740758016,-18.0,0.0,0.0,0.0,0.0,0.0,0.0,0.0,0.0,0.0,1.0,0.38314176245210707,-2.0,1.0,0.778210116731518,-4.0,0.0,0.0,0.0,0.0,0.0,0.0,1.0,0.0,-10.0
201301,2.376,23.0,51.08480895650917,1.0,4.32801822323462,-0.4,1.0,0.574712643678161,0.4,8.0,27.73967801715237,24.0,0.0,0.0,0.0,16.0,44.73402156745844,64.0,2.0,7.5414339758602,2.0,8,16.497513112593147,15.2,4.0,8.270954067922645,11.2,1.0,1.60645161290322,7.0,4.0,9.33215148929098,14.0,7.0,21.88936406608314,23.8,0.0,0.0,0.0,1.0,1.9430051813471498,6.0,1.0,3.27380952380952,7.0,1.0,2.2727272727272703,7.4,0.0,0.0,0.0,0.0,0.0,0.0,3.0,5.3193339553079015,-6.0,2.0,8.84900853539824,-10.0,4.0,8.912017827242389,-8.0,0.0,0.0,0.0,0.0,0.0,0.0,0.0,0.0,0.0,0.0,0.0,0.0,0.0,0.0,0.0,0.0,0.0,0.0
201302,2.38375,15.0,57.97511719883341,8.0,42.74529074529072,-3.2,1.0,4.9327354260089695,0.4,12.0,47.06437932083645,36.0,3.0,11.829564747646241,12.0,4.0,7.633587786259559,16.0,27.0,60.80930869892782,27.0,18,41.91004908732475,34.2,10.0,27.096629962225414,28.000000000000004,2.0,8.86135635660049,14.0,1.0,1.8970189701896998,3.5,8.0,36.67258940494466,27.2,0.0,0.0,0.0,5.0,17.157450588496555,30.0,3.0,8.97584649986416,21.0,0.0,0.0,0.0,0.0,0.0,0.0,1.0,2.3463687150837997,7.0,1.0,2.3463687150837997,-2.0,0.0,0.0,0.0,1.0,3.61842105263158,-2.0,5.0,25.048818777041756,-10.0,2.0,11.257035647279539,-4.0,1.0,6.39625585023401,-4.0,4.0,8.439856586925771,-17.6,1.0,2.3463687150837997,-5.0,2.0,6.47773279352226,-20.0
201303,2.3915,5.0,16.241489706383142,0.0,0.0,0.0,0.0,0.0,0.0,9.0,15.201403564147544,27.0,4.0,19.71681085387664,16.0,1.0,4.4113515032312405,4.0,9.0,28.697749901164805,9.0,2,6.201135763338617,3.8,6.0,15.464080932281798,16.8,0.0,0.0,0.0,0.0,0.0,0.0,11.0,49.570257894550295,37.4,2.0,8.035714285714281,16.0,1.0,1.05708245243129,6.0,1.0,4.37956204379562,7.0,0.0,0.0,0.0,1.0,0.921658986175115,5.0,0.0,0.0,0.0,0.0,0.0,0.0,2.0,11.44781144781144,-10.0,0.0,0.0,0.0,0.0,0.0,0.0,15.0,10.02551515767047,-30.0,0.0,0.0,0.0,0.0,0.0,0.0,0.0,0.0,0.0,0.0,0.0,0.0
201304,2.39925,24.0,28.426828077607396,9.0,9.873553732933699,-3.6,17.0,17.872548483820502,6.8000000000000025,4.0,5.178224943885151,12.0,0.0,0.0,0.0,3.0,6.27664913291576,12.0,199.0,574.7877288940925,199.0,13,17.078805456265286,24.7,6.0,8.7740669815253,16.8,84.0,364.3105418470822,588.0,0.0,0.0,0.0,6.0,14.915536692077112,20.4,2.0,5.92592592592592,16.0,9.0,11.286361396912847,54.0,3.0,4.9287769613089,21.0,0.0,0.0,0.0,2.0,2.5020275050472005,10.0,1.0,1.76211453744493,7.0,0.0,0.0,0.0,1.0,1.5909152400867301,-5.0,0.0,0.0,0.0,0.0,0.0,0.0,37.0,36.19035609991464,-74.0,2.0,3.898806005438,-8.0,0.0,0.0,0.0,49.0,57.09721685650429,-245.0,4.0,3.52136474259795,-40.0
201305,2.407,9.0,15.951949891494882,4.0,15.92039800995024,-1.6,0.0,0.0,0.0,3.0,6.9806516740023845,9.0,4.0,10.25906346213514,16.0,0.0,0.0,0.0,3.0,4.02438128809576,3.0,1,1.72413793103448,1.9,3.0,7.3942410238179805,8.399999999999999,6.0,14.334470989761119,42.0,0.0,0.0,0.0,10.0,26.29015201132569,33.99999999999999,1.0,4.83297796730633,8.0,4.0,7.414760247355808,24.0,3.0,12.230058498715222,21.0,1.0,1.06951871657754,7.4,2.0,9.51182534869618,10.0,6.0,11.265941084910429,42.0,0.0,0.0,0.0,0.0,0.0,0.0,1.0,1.72413793103448,-2.0,3.0,5.17241379310344,-6.0,8.0,19.40027672840739,-16.0,0.0,0.0,0.0,1.0,1.47492625368732,-4.4,2.0,3.60116146461886,-10.0,0.0,0.0,0.0
201306,2.41475,1.0,1.3215859030836998,2.0,4.791481810115361,-0.8,2.0,4.791481810115361,0.8,9.0,40.590787248149155,27.0,0.0,0.0,0.0,0.0,0.0,0.0,10.0,24.791634708799933,10.0,5,19.62223949785494,9.5,5.0,19.62223949785494,14.0,4.0,23.84823848238484,28.0,1.0,0.0,3.5,4.0,23.84823848238484,13.6,0.0,0.0,0.0,2.0,4.28699386014042,12.0,1.0,4.19161676646707,7.0,0.0,0.0,0.0,2.0,3.43839541547278,10.0,7.0,13.563976411585667,49.0,0.0,0.0,0.0,0.0,0.0,0.0,0.0,0.0,0.0,3.0,7.187222715173039,-6.0,2.0,4.6814551907719695,-4.0,1.0,2.3957409050576803,-4.0,0.0,0.0,0.0,3.0,5.60857976322412,-15.0,2.0,2.0462235842431205,-20.0
201307,2.4225,23.0,56.680641541926796,6.0,14.660982964741715,-2.4,5.0,16.926377277337643,2.0,23.0,61.00067283162017,69.0,11.0,31.16888021958978,44.0,25.0,67.73726796008046,100.0,61.0,190.41610359135686,61.0,22,53.28000195605104,41.799999999999976,17.0,41.06829987173664,47.59999999999999,0.0,0.0,0.0,0.0,0.0,0.0,17.0,52.06434978694319,57.79999999999998,5.0,12.61459129106189,40.0,5.0,9.034076379829235,30.0,5.0,13.871946982702019,35.0,6.0,15.204785078975489,44.4,2.0,5.25210084033614,10.0,0.0,0.0,0.0,0.0,0.0,0.0,0.0,0.0,0.0,5.0,16.26278603995727,-10.0,5.0,8.5268696016928,-10.0,18.0,36.67970040063082,-36.0,0.0,0.0,0.0,1.0,3.38983050847458,-4.4,16.0,27.238201636106922,-80.0,5.0,10.858412883524439,-50.0
201308,2.43025,12.0,26.782690636762773,0.0,0.0,0.0,3.0,7.624413504153219,1.2000000000000002,16.0,45.769348069243094,48.0,13.0,45.9003202414913,52.0,5.0,15.817198604005007,20.0,17.0,48.89383923866684,17.0,15,36.886799457877395,28.499999999999996,17.0,41.594851929044204,47.6,9.0,20.33140908383501,63.0,12.0,40.095869426578105,42.0,8.0,19.5725863510349,27.2,1.0,6.56951743908265,8.0,4.0,15.542127580128039,24.0,7.0,18.713366346186312,49.0,4.0,10.55083813286221,29.6,1.0,2.7315123251165896,5.0,7.0,13.162403315603301,49.0,2.0,8.3916083916084,-4.0,2.0,4.89563972450439,-10.0,0.0,0.0,0.0,0.0,0.0,0.0,10.0,22.60552054145285,-20.0,0.0,0.0,0.0,0.0,0.0,0.0,4.0,7.08143884091826,-20.0,3.0,12.936128235326269,-30.0
201309,2.438,28.0,68.82451747767044,0.0,0.0,0.0,8.0,27.17732714675513,3.2,19.0,34.967679294174516,57.0,6.0,35.88075880758807,24.0,6.0,15.087615243209,24.0,30.0,93.65085387074856,30.0,10,22.89236826134162,19.0,11.0,25.79693257669432,30.800000000000004,31.0,85.11624703798519,217.0,3.0,9.112018576347179,10.5,52.0,268.05021685900414,176.80000000000015,3.0,6.157433667359924,24.0,9.0,20.96073208080102,54.0,3.0,10.23318037173112,21.0,10.0,29.10947294518442,74.0,0.0,0.0,0.0,0.0,0.0,0.0,24.0,48.38317971964095,-48.0,4.0,6.89706428836864,-20.0,4.0,11.22303305159331,-8.0,14.0,25.067595951585695,-28.0,3.0,1.9672131147540988,-6.0,11.0,16.843160451341223,-44.0,0.0,0.0,0.0,20.0,17.816430591293678,-100.0,5.0,2.27805705846182,-50.0
201310,2.44575,21.0,64.82487781964747,8.0,16.84221810842572,-3.2,6.0,9.014817309519211,2.4,21.0,47.21678105629775,63.0,3.0,14.987140519055407,12.0,14.0,33.26087577006019,56.0,26.0,82.12837811444948,26.0,10,25.877410802244512,19.0,12.0,30.942855360697926,33.6,5.0,7.641397955791272,35.0,1.0,3.4366576819407,3.5,6.0,16.369007605517357,20.4,1.0,4.13625304136253,8.0,9.0,13.487686016477973,54.0,4.0,10.757298974997099,28.0,25.0,56.47156911470656,185.00000000000009,0.0,0.0,0.0,2.0,5.45935960591133,14.0,6.0,12.079006583576579,-12.0,7.0,15.06903126224124,-35.0,5.0,7.472591256669179,-10.0,11.0,23.91124495677189,-22.0,18.0,20.331151150498812,-36.0,4.0,12.479005709843388,-16.0,2.0,3.83314543404736,-8.8,11.0,17.65659339733475,-55.0,13.0,19.65651691429191,-130.0
201311,2.4535,33.0,114.88377545269734,3.0,18.044044590068303,-1.2000000000000002,8.0,3.9137239252071145,3.2,21.0,61.24969259203396,63.0,8.0,22.880855703144864,32.0,21.0,35.79966478495349,84.0,18.0,64.87109178805403,18.0,31,98.33144073165536,58.899999999999984,33.0,94.31786929176307,92.39999999999996,4.0,8.82352941176472,28.0,3.0,8.05673554611564,10.5,5.0,14.003208080308239,17.0,24.0,93.42161146371309,192.0,2.0,6.626506024096381,12.0,1.0,6.14973262032086,7.0,6.0,11.829378566675329,44.4,0.0,0.0,0.0,6.0,8.758844903423206,42.0,0.0,0.0,0.0,0.0,0.0,0.0,1.0,3.46820809248555,-2.0,0.0,0.0,0.0,1.0,2.58136924803591,-2.0,0.0,0.0,0.0,3.0,9.095932299324437,-13.2,10.0,15.303163340952215,-50.0,2.0,4.17391304347826,-20.0
201312,2.46125,18.0,35.517800211496656,7.0,8.706616035523856,-2.8,15.0,13.671298704626679,6.000000000000001,23.0,73.92784428397938,69.0,2.0,5.20231213872832,8.0,4.0,11.824835216018329,16.0,3.0,7.8881635566004,3.0,17,51.96208466704426,32.3,13.0,30.33928824106018,36.4,3.0,9.369141177135747,21.0,0.0,0.0,0.0,4.0,14.37130488350785,13.6,0.0,0.0,0.0,2.0,5.0761421319797,12.0,0.0,0.0,0.0,1.0,4.3010752688172005,7.4,4.0,4.980280086514576,20.0,1.0,2.50836120401338,7.0,0.0,0.0,0.0,1.0,0.0,-5.0,1.0,3.9224137931034497,-2.0,6.0,6.9060649235445535,-12.0,1.0,2.2813688212927796,-2.0,0.0,0.0,0.0,3.0,7.6218596772671106,-13.2,7.0,14.779539537869384,-35.0,0.0,0.0,0.0
201401,2.469,22.0,29.76974163626556,6.0,17.31682245667958,-2.4,5.0,18.833739880510485,2.0,12.0,29.35303032320402,36.0,3.0,3.1128404669260803,12.0,1.0,0.35211267605633795,4.0,6.0,8.561864590924008,6.0,7,16.99729214760647,13.3,8.0,18.61766251797684,22.4,0.0,0.0,0.0,0.0,0.0,0.0,7.0,26.506684696695537,23.8,6.0,13.19377990430622,48.0,1.0,5.734767025089611,6.0,0.0,0.0,0.0,0.0,0.0,0.0,3.0,2.325935661554944,15.0,6.0,14.534108123431675,42.0,3.0,2.6635984403915742,-6.0,2.0,0.881057268722468,-10.0,0.0,0.0,0.0,2.0,5.072527812305821,-4.0,10.0,21.93288208273473,-20.0,8.0,5.2955980395593985,-32.0,4.0,8.696255636809955,-17.6,42.0,37.08660285451912,-210.0,14.0,22.62782904886677,-140.0
201402,2.4481666666666664,11.0,34.23680951783011,2.0,3.46823706302468,-0.8,6.0,14.569301666075859,2.4,18.0,50.89273887873816,54.0,0.0,0.0,0.0,13.0,21.86883065005722,52.0,19.0,74.72843541923882,19.0,16,59.288795819197865,30.39999999999999,17.0,67.94070728801076,47.59999999999999,12.0,25.329734237496414,84.0,0.0,0.0,0.0,0.0,0.0,0.0,7.0,8.823429448347706,56.0,1.0,2.26364846870839,6.0,12.0,45.275378179904365,84.0,8.0,19.461959564036558,59.2,0.0,0.0,0.0,3.0,13.86735453968603,21.0,4.0,13.03146208923198,-8.0,6.0,20.409852573782988,-30.0,8.0,25.897976476872376,-16.0,3.0,8.86075949367088,-6.0,8.0,17.27952224803975,-16.0,2.0,4.23124086214215,-8.0,5.0,14.42891932284149,-22.0,4.0,10.744949459818992,-20.0,1.0,1.41844764374497,-10.0
201403,2.4273333333333333,25.0,58.51920303148361,5.0,16.522725341802516,-2.0,2.0,4.4467262438865,0.8,16.0,46.48294801425325,48.0,14.0,35.11965176969956,56.0,0.0,0.0,0.0,7.0,17.96624250317792,7.0,9,19.252413105321786,17.1,5.0,10.784702122383461,14.0,14.0,24.125809435707694,98.0,2.0,4.4467262438865,7.0,7.0,33.731141867915,23.8,7.0,20.00279629025492,56.0,0.0,0.0,0.0,4.0,9.26924940443896,28.0,0.0,0.0,0.0,3.0,9.76829440419924,15.0,6.0,12.791090137788407,42.0,1.0,1.6,-2.0,2.0,6.01503759398496,-10.0,3.0,9.623089783826599,-6.0,0.0,0.0,0.0,1.0,3.57274401473296,-2.0,7.0,21.577103521747144,-28.0,5.0,10.58649151643526,-22.0,0.0,0.0,0.0,2.0,7.608695652173919,-20.0
201404,2.4065,43.0,100.51620914621077,6.0,14.639776446573533,-2.4,21.0,8.563190555890742,8.400000000000002,27.0,73.78029415722145,81.0,6.0,18.954573009421328,24.0,4.0,14.9157839902761,16.0,20.0,71.08086852663884,20.0,55,128.71274644799524,104.50000000000006,48.0,112.05731942607059,134.39999999999995,14.0,49.926839421255636,98.0,7.0,24.658491745879093,24.5,59.0,226.55101495550397,200.6000000000002,0.0,0.0,0.0,7.0,17.281095482873248,42.0,8.0,25.08394623202683,56.0,35.0,120.3178330331619,259.00000000000006,5.0,13.49735891020295,25.0,4.0,12.664526765856,28.0,33.0,83.30345112778038,-66.0,8.0,25.03378630586416,-40.0,17.0,46.27015992323699,-34.0,0.0,0.0,0.0,15.0,54.76370729889348,-30.0,12.0,31.85742343305016,-48.0,7.0,15.259644296217823,-30.8,11.0,22.99254590932692,-55.0,5.0,15.94589229504013,-50.0
201405,2.3856666666666664,33.0,107.86628470317049,8.0,27.207869746087127,-3.2,14.0,48.504563698915256,5.6000000000000005,25.0,71.99452934933134,75.0,7.0,21.774705911123235,28.0,10.0,0.0,40.0,66.0,160.05761133621778,66.0,24,29.100248217345573,45.59999999999998,31.0,35.48914638741291,86.79999999999997,6.0,35.436492656361715,42.0,4.0,15.423760842728027,14.0,41.0,187.18961123610757,139.40000000000006,0.0,0.0,0.0,4.0,13.84747121181072,24.0,4.0,12.78278217769519,28.0,5.0,12.220228052844169,37.0,13.0,48.75291786952776,65.0,4.0,12.217379859018967,28.0,8.0,21.830883752345837,-16.0,11.0,34.42591958580266,-55.0,20.0,64.63422352584797,-40.0,1.0,1.87265917602996,-2.0,11.0,22.66507941284924,-22.0,18.0,30.213853569327604,-72.0,2.0,6.222423273786291,-8.8,2.0,5.25033602150538,-10.0,10.0,21.575500589916587,-100.0
201406,2.3648333333333333,7.0,9.614364813960119,15.0,45.348627068498686,-6.000000000000001,4.0,20.03117804017401,1.6,9.0,31.39657200100502,27.0,11.0,36.68613235644988,44.0,5.0,14.05114243284788,20.0,35.0,119.58316717902626,35.0,84,155.39679895764718,159.6000000000002,74.0,101.77586748479405,207.20000000000016,32.0,100.56746154220332,224.0,0.0,0.0,0.0,16.0,82.12566327834362,54.399999999999984,8.0,3.463203463203464,64.0,5.0,12.41920538913258,30.0,4.0,6.13333333333333,28.0,3.0,18.18928055454553,22.200000000000006,0.0,0.0,0.0,10.0,39.81063940888193,70.0,1.0,4.37956204379562,-2.0,2.0,13.62144951171686,-10.0,0.0,0.0,0.0,4.0,25.08146549369915,-8.0,4.0,11.2,-8.0,2.0,8.125786163522019,-8.0,0.0,0.0,0.0,0.0,0.0,0.0,8.0,22.034792766529144,-80.0
201407,2.344,22.0,68.86735460378151,1.0,4.92091388400703,-0.4,10.0,21.953894542415295,4.0,9.0,19.357880277740065,27.0,20.0,78.3385835466838,80.0,13.0,30.05967621236451,52.0,64.0,159.390987807769,64.0,18,51.84198504309003,34.19999999999999,18.0,44.921310785471945,50.399999999999984,18.0,64.18993418541197,126.0,4.0,12.7299519893521,14.0,11.0,44.7768915630474,37.39999999999999,0.0,0.0,0.0,17.0,49.29987790883233,102.0,5.0,17.75403340543402,35.0,6.0,15.288859642687312,44.4,3.0,4.236535587820732,15.0,10.0,28.488407257355572,70.0,2.0,1.6964115305225698,-4.0,0.0,0.0,0.0,2.0,5.05002972245628,-4.0,8.0,9.581104416638693,-16.0,2.0,2.85714285714286,-4.0,5.0,13.817592574069268,-20.0,3.0,6.159146034281322,-13.2,8.0,9.37181717856376,-40.0,2.0,3.8227500085749986,-20.0
201408,2.3231666666666664,8.0,27.913776451006502,0.0,0.0,0.0,0.0,0.0,0.0,12.0,12.612120921504653,36.0,0.0,0.0,0.0,3.0,8.9010545867804,12.0,0.0,0.0,0.0,54,89.89981831765387,102.60000000000008,50.0,71.12678872192346,139.99999999999994,9.0,28.68759022385404,63.0,2.0,8.01211332244826,7.0,3.0,10.966319165998412,10.2,10.0,56.64287602431934,80.0,0.0,0.0,0.0,0.0,0.0,0.0,0.0,0.0,0.0,0.0,0.0,0.0,0.0,0.0,0.0,1.0,1.6414141414141399,-2.0,2.0,11.325667459688079,-10.0,1.0,1.6414141414141399,-2.0,2.0,3.2828282828282798,-4.0,0.0,0.0,0.0,0.0,0.0,0.0,0.0,0.0,0.0,2.0,2.59468274133344,-10.0,0.0,0.0,0.0
201409,2.3023333333333333,27.0,57.540750567991715,1.0,1.39165009940358,-0.4,1.0,3.2637075718015702,0.4,16.0,23.61685866947321,48.0,15.0,39.16337538369547,60.0,4.0,11.0947538851369,16.0,22.0,81.63464908214212,22.0,10,14.68176598988116,19.0,17.0,19.887665242897828,47.59999999999999,2.0,9.982788296041301,14.0,2.0,7.477756672998099,7.0,20.0,66.08302074744562,68.0,3.0,14.175506268081,24.0,2.0,7.93298924142966,12.0,3.0,11.216635009497152,21.0,1.0,1.7543859649122802,7.4,2.0,5.07044041689354,10.0,1.0,4.37539632213063,7.0,0.0,0.0,0.0,0.0,0.0,0.0,23.0,19.304193504519237,-46.0,1.0,1.3698630136986298,-2.0,16.0,28.908670285437665,-32.0,0.0,0.0,0.0,0.0,0.0,0.0,3.0,7.11174715722742,-15.0,14.0,15.366254113064134,-140.0
201410,2.2815,16.0,23.05622425587734,0.0,0.0,0.0,6.0,17.048332095924486,2.4,3.0,8.906247920686669,9.0,0.0,0.0,0.0,1.0,1.68776371308017,4.0,1.0,1.2711864406779698,1.0,34,68.91861477992818,64.59999999999997,41.0,90.10021915958464,114.79999999999993,5.0,11.06350978138841,35.0,1.0,1.68776371308017,3.5,28.0,97.92439392662372,95.20000000000003,0.0,0.0,0.0,4.0,13.832030853307462,24.0,0.0,0.0,0.0,2.0,6.11457000423159,14.8,7.0,13.738216831859221,35.0,2.0,5.664488017429201,14.0,6.0,9.957480324635496,-12.0,2.0,5.664488017429201,-10.0,0.0,0.0,0.0,5.0,32.97462113274575,-10.0,6.0,12.992943274167027,-12.0,0.0,0.0,0.0,0.0,0.0,0.0,8.0,21.92249816455225,-40.0,1.0,2.30409030534342,-10.0
201411,2.2606666666666664,46.0,152.13324135340642,0.0,0.0,0.0,14.0,23.34273588993498,5.6000000000000005,7.0,15.968364562418607,21.0,6.0,18.333333333333357,24.0,3.0,0.0,12.0,9.0,31.483406086485186,9.0,14,39.53759569816953,26.599999999999994,18.0,50.21820074731824,50.399999999999984,2.0,7.08446866485014,14.0,19.0,69.48511378992207,66.5,5.0,28.19665790544467,17.0,9.0,39.34670226354483,72.0,12.0,47.96769870713514,72.0,14.0,69.94556933479912,98.0,5.0,13.575614855293601,37.0,4.0,2.803782136438229,20.0,4.0,21.893197423030365,28.0,1.0,3.54223433242507,-2.0,3.0,12.452571037176359,-15.0,1.0,1.04712041884817,-2.0,0.0,0.0,0.0,1.0,3.54838709677419,-2.0,0.0,0.0,0.0,0.0,0.0,0.0,0.0,0.0,0.0,5.0,22.86419367593165,-50.0
201412,2.2398333333333333,7.0,24.086067016037358,0.0,0.0,0.0,5.0,14.827864423620632,2.0,2.0,3.4483043359784706,6.0,2.0,3.4285714285714195,8.0,2.0,6.15384615384616,8.0,12.0,23.331905101054893,12.0,8,24.490453278509264,15.2,9.0,24.071043956661057,25.200000000000006,0.0,0.0,0.0,1.0,2.80676502338971,3.5,5.0,17.03540273598308,17.0,0.0,0.0,0.0,0.0,0.0,0.0,3.0,12.37113402061857,21.0,1.0,1.3698630136986298,7.4,5.0,14.285714285714299,25.0,0.0,0.0,0.0,1.0,3.98009950248756,-2.0,1.0,2.7559055118110196,-5.0,12.0,15.736470701354039,-24.0,1.0,3.96039603960396,-2.0,2.0,4.1847664827013205,-4.0,0.0,0.0,0.0,0.0,0.0,0.0,4.0,4.411917915305679,-20.0,12.0,17.715391075870517,-120.0
201501,2.219,20.0,42.668072200161795,0.0,0.0,0.0,1.0,7.79661016949153,0.4,4.0,11.03980463980464,12.0,2.0,12.02185792349726,8.0,6.0,11.404907016721358,24.0,4.0,10.46413502109704,4.0,6,13.806941261026981,11.4,5.0,9.99032866170398,14.0,1.0,1.07642626480086,7.0,1.0,3.71057513914657,3.5,4.0,18.674614305750342,13.6,2.0,4.166666666666661,16.0,0.0,0.0,0.0,1.0,4.48369565217391,7.0,18.0,32.77425344971305,133.20000000000005,2.0,3.3352501437607796,10.0,4.0,16.971197945331117,28.0,4.0,3.773093937028368,-8.0,5.0,7.613019891500902,-25.0,5.0,10.880825580359227,-10.0,11.0,39.86201533242856,-22.0,7.0,14.562051129954028,-14.0,3.0,2.608695652173912,-12.0,0.0,0.0,0.0,8.0,9.55137291885148,-40.0,4.0,10.32114615275809,-40.0
201502,2.2194166666666666,14.0,-17.355956519942513,0.0,0.0,0.0,7.0,10.92723514362431,2.8,18.0,72.84234752686817,54.0,7.0,53.34693543831485,28.0,5.0,4.545454545454559,20.0,10.0,19.67967036618596,10.0,64,-279.8319221680702,121.60000000000014,67.0,-247.6605555533825,187.60000000000016,17.0,86.25622624207718,119.0,10.0,26.068190616006827,35.0,18.0,41.073617594217204,61.19999999999998,0.0,0.0,0.0,4.0,5.2299335346667295,24.0,14.0,22.275411950203015,98.0,4.0,0.8980531865126395,29.6,0.0,0.0,0.0,1.0,5.44959128065395,7.0,0.0,0.0,0.0,0.0,0.0,0.0,0.0,0.0,0.0,5.0,22.845692615494873,-10.0,1.0,-7.21112076455256,-2.0,0.0,0.0,0.0,0.0,0.0,0.0,0.0,0.0,0.0,7.0,8.086122164265,-70.0
201503,2.2198333333333333,27.0,-4.974158239377925,7.0,-16.90770155110382,-2.8,22.0,16.131581282355448,8.800000000000002,20.0,36.362918750553156,60.0,9.0,36.45279897049355,36.0,24.0,8.55270927541273,96.0,9.0,-2.7299152067252104,9.0,22,0.5144594889021017,41.799999999999976,19.0,22.44852670978475,53.19999999999998,17.0,25.44402069289206,119.0,10.0,21.71703448276838,35.0,18.0,21.269803460783034,61.19999999999998,8.0,33.4883720930232,64.0,8.0,18.063776154558727,48.0,3.0,5.86655948601251,21.0,6.0,22.650713955061804,44.4,0.0,0.0,0.0,14.0,47.88884578881608,98.0,10.0,-5.758416109003379,-20.0,3.0,0.6609723830556302,-15.0,2.0,4.831721382873269,-4.0,3.0,-5.643909942477079,-6.0,1.0,-7.6641119626791,-2.0,0.0,0.0,0.0,1.0,-8.222734676292669,-4.4,2.0,-0.8113752182159201,-10.0,2.0,-13.22380756769292,-20.0
201504,2.22025,21.0,-46.650947745101696,6.0,3.80664289383894,-2.4,0.0,0.0,0.0,17.0,28.737024355866676,51.0,6.0,-18.212824210085284,24.0,15.0,9.72563249570278,60.0,10.0,12.26303162908387,10.0,12,-19.89463817506051,22.8,11.0,-7.825672657819111,30.800000000000004,10.0,8.1891013346809,70.0,3.0,-2.8147066089888297,10.5,23.0,67.74764197557201,78.19999999999997,10.0,33.84126499110322,80.0,1.0,-0.21213406873144,6.0,0.0,0.0,0.0,0.0,0.0,0.0,5.0,-14.39551042743999,25.0,1.0,3.7135278514588896,7.0,2.0,-8.838383838383841,-4.0,4.0,-17.7885560726224,-20.0,2.0,-8.8942780363112,-4.0,0.0,0.0,0.0,13.0,-38.42016677966076,-26.0,3.0,-22.09397214312984,-12.0,11.0,-59.855645716889356,-48.4,6.0,-57.37759671528366,-30.0,3.0,-23.95499577299426,-30.0
201505,2.220666666666667,30.0,-9.97423431988233,3.0,-12.71748384955612,-1.2000000000000002,2.0,2.8378073917107405,0.8,14.0,27.205843013844905,42.0,7.0,21.12129595910012,28.0,44.0,121.57272524090617,176.0,19.0,19.03908098816442,19.0,40,-9.15701532991486,75.99999999999999,28.0,9.327485176090883,78.39999999999995,16.0,-40.08671166976896,112.0,0.0,0.0,0.0,39.0,65.6807640549944,132.60000000000008,22.0,72.35518241904013,176.0,3.0,11.498214323902399,18.0,27.0,121.9917429495101,189.0,4.0,17.00491342578945,29.6,2.0,4.89534428794993,10.0,2.0,5.5967968202010905,14.0,2.0,-11.61532855115272,-4.0,4.0,7.4839237481509695,-20.0,1.0,2.44897959183673,-2.0,0.0,0.0,0.0,0.0,0.0,0.0,0.0,0.0,0.0,1.0,4.5454545454545405,-4.4,0.0,0.0,0.0,1.0,-1.09119251753702,-10.0
201506,2.221083333333333,19.0,-35.86112607718639,1.0,-6.28491620111732,-0.4,1.0,0.11350737797957001,0.4,17.0,-9.48189535351281,51.0,11.0,45.824446737216746,44.0,18.0,-10.079323572959312,72.0,21.0,45.11553793350094,21.0,28,6.854044775748863,53.199999999999974,18.0,-4.129495293878887,50.399999999999984,16.0,60.97091877595745,112.0,17.0,102.51256281407026,59.5,38.0,102.6676422736269,129.20000000000007,6.0,33.11285107709088,48.0,5.0,-10.37165409977147,30.0,2.0,-1.5013440860215104,14.0,4.0,6.7182301078645885,29.6,10.0,0.4187013926568961,50.0,2.0,-2.61221162657883,14.0,3.0,-3.3095109263416296,-6.0,1.0,6.3432835820895495,-5.0,2.0,4.883436520675679,-4.0,3.0,-15.757252952471118,-6.0,2.0,-14.119601328903661,-4.0,3.0,-3.73159850145347,-12.0,8.0,-14.881854632356044,-35.2,0.0,0.0,0.0,16.0,-26.672486592968834,-160.0
201507,2.2215,64.0,-113.53045248363031,1.0,0.7575757575757609,-0.4,8.0,7.7506907073162905,3.2,7.0,0.1092147963514023,21.0,32.0,80.51262151579125,128.0,17.0,51.68690958164643,68.0,5.0,16.48152431705341,5.0,25,37.112225599702406,47.49999999999998,19.0,9.305567490812637,53.19999999999998,0.0,0.0,0.0,2.0,7.57575757575758,7.0,16.0,20.492796522207573,54.399999999999984,23.0,51.91864504094489,184.0,7.0,1.1037780786578408,42.0,17.0,38.63769661423618,119.0,6.0,0.92155977038838,44.4,8.0,-21.72070962670303,40.0,4.0,-9.711865504214359,28.0,7.0,-16.880377905268308,-14.0,0.0,0.0,0.0,7.0,-3.4735901359991606,-14.0,0.0,0.0,0.0,4.0,-2.3813154160888597,-8.0,4.0,-3.501522401043871,-16.0,2.0,-6.13154389919065,-8.8,11.0,24.790624306780252,-55.0,18.0,14.273731674481835,-180.0
201508,2.2219166666666665,101.0,-155.73303191132172,66.0,-146.33468668401272,-26.399999999999967,30.0,-91.7848981059681,12.000000000000005,120.0,-295.9873296935552,360.0,20.0,-61.517548587049674,80.0,31.0,-30.705694717452502,124.0,104.0,-145.583908421488,104.0,64,-138.94840797969997,121.60000000000008,50.0,-101.42955416694772,139.99999999999997,73.0,-139.70249167456473,511.0,23.0,-27.273845533135212,80.5,67.0,21.605624603270854,227.80000000000018,16.0,4.810745264954088,128.0,26.0,-52.09611715314368,156.0,3.0,4.738573704744169,21.0,11.0,-3.9241288108427215,81.4,1.0,-3.0,5.0,4.0,1.4760147601476001,28.0,15.0,-47.49513126533929,-30.0,32.0,-124.50954651279335,-160.0,92.0,-345.5841840773104,-184.0,28.0,-118.53283976887043,-56.0,31.0,-99.43542236389658,-62.0,36.0,-152.76492287422147,-144.0,8.0,-21.592458990166072,-35.2,10.0,-22.994036232653304,-50.0,19.0,-76.0519145501217,-190.0
201509,2.2223333333333333,27.0,-12.278568103674885,15.0,-23.286303953370872,-6.000000000000001,5.0,-0.13753251773763986,2.0,38.0,-39.48243235143261,114.0,8.0,11.020380264720952,32.0,17.0,14.05460643362366,68.0,58.0,-25.325448440682827,58.0,45,-106.8952758865444,85.50000000000003,36.0,-60.12343219894124,100.79999999999994,46.0,-84.03136254353461,322.0,22.0,-4.322531483421175,77.0,137.0,338.6733692047647,465.79999999999944,19.0,78.06961005478568,152.0,61.0,-16.471994987384512,366.0,18.0,25.005399387917148,126.0,10.0,2.771576398064449,74.0,3.0,-10.3596055976537,15.0,1.0,-1.8700833216962298,7.0,1.0,1.5447991761071,-2.0,27.0,-29.7070369044492,-135.0,50.0,-63.765283904106724,-100.0,7.0,-6.275800430148849,-14.0,13.0,-35.673550572269455,-26.0,12.0,-16.213380039486236,-48.0,3.0,-29.18231122236128,-13.2,6.0,-28.861181116813373,-30.0,15.0,-56.52687689049834,-150.0
201510,2.22275,32.0,35.261295673289204,3.0,-9.77591089538778,-1.2000000000000002,5.0,-14.155792251435807,2.0,52.0,-199.33704225511542,156.0,2.0,-1.09289617486339,8.0,8.0,29.012015595399085,32.0,29.0,-2.6023064121051327,29.0,54,-84.45393612129418,102.60000000000004,40.0,-86.33358460069016,111.99999999999993,0.0,0.0,0.0,2.0,1.0443818245861198,7.0,22.0,42.77027562427829,74.79999999999998,0.0,0.0,0.0,13.0,-58.09377210977941,78.0,0.0,0.0,0.0,9.0,10.57670783955432,66.6,13.0,-78.31666151924742,65.0,4.0,-0.015681963149591083,28.0,4.0,-11.804815166438848,-8.0,4.0,-12.891256268345261,-20.0,45.0,-203.0009835504544,-90.0,1.0,-3.94456289978678,-2.0,37.0,-296.71287111642613,-74.0,21.0,-128.65853890691605,-84.0,3.0,-6.24460984895709,-13.2,18.0,-150.11811946442234,-90.0,7.0,-13.170076479453881,-70.0
201511,2.2231666666666667,7.0,9.789776381308034,0.0,0.0,0.0,0.0,0.0,0.0,2.0,-2.353731249142,6.0,3.0,-0.11806375442739,12.0,8.0,-20.672147801639603,32.0,18.0,-41.96010212035811,18.0,3,1.03451902196233,5.699999999999998,2.0,1.03451902196233,5.6,8.0,20.09768068856746,56.0,0.0,0.0,0.0,6.0,16.41391476835428,20.4,3.0,6.0008956560680495,24.0,9.0,-21.0827469212218,54.0,2.0,-5.74406587483039,14.0,3.0,-2.8651304642494195,22.200000000000006,3.0,-14.532401046170268,15.0,8.0,-24.63912630579299,56.0,0.0,0.0,0.0,4.0,8.827824958078661,-20.0,1.0,-0.6201550387596899,-2.0,0.0,0.0,0.0,6.0,-26.14669285159699,-12.0,2.0,-0.051572975760699996,-8.0,1.0,-10.968494749124801,-4.4,3.0,-13.29670329670331,-15.0,3.0,-23.683122303751933,-30.0
201512,2.223583333333333,38.0,3.9746694878547286,17.0,33.49200838118607,-6.8000000000000025,2.0,3.4811025859619202,0.8,16.0,35.874900476634224,48.0,11.0,31.897972328759288,44.0,7.0,5.92712842712842,28.0,10.0,5.538726654238869,10.0,26,46.47683801460885,49.399999999999984,21.0,45.45300738265482,58.79999999999999,29.0,33.5629323460819,203.0,4.0,1.8413109465281696,14.0,16.0,31.814177599625978,54.399999999999984,2.0,1.99501246882794,16.0,36.0,-229.73684210526304,216.0,9.0,15.152204934632225,63.0,2.0,-3.1358885017421603,14.8,0.0,0.0,0.0,0.0,0.0,0.0,0.0,0.0,0.0,1.0,1.37071651090343,-5.0,3.0,-8.531098141053661,-6.0,3.0,-37.8344036447345,-6.0,0.0,0.0,0.0,2.0,0.375234521575982,-8.0,0.0,0.0,0.0,0.0,0.0,0.0,9.0,-56.0207524025651,-90.0
201601,2.224,11.0,-15.696060560318921,2.0,-8.95522388059702,-0.8,1.0,0.0,0.4,11.0,-2.6852739858585584,33.0,2.0,7.434944237918219,8.0,12.0,-12.821535325069899,48.0,7.0,7.096963907180768,7.0,20,-21.06034508871165,37.99999999999999,11.0,-28.084595926890373,30.800000000000004,3.0,-10.28855721393035,21.0,0.0,0.0,0.0,6.0,-8.52239145007551,20.4,0.0,0.0,0.0,1.0,-1.16618075801749,6.0,0.0,0.0,0.0,12.0,38.33542614310283,88.80000000000003,2.0,-8.95522388059702,10.0,6.0,-28.61338363020991,42.0,0.0,0.0,0.0,0.0,0.0,0.0,5.0,-8.2602601757216,-10.0,15.0,-70.14123026845465,-30.0,5.0,-22.90530637373979,-10.0,8.0,-24.084746371928393,-32.0,9.0,-15.022705603043017,-39.6,19.0,-64.22686586295944,-95.0,3.0,-14.18463313297833,-30.0
201602,2.229166666666667,19.0,-18.831292867909273,18.0,-46.87767097121563,-7.200000017881394,2.0,-6.128133773803711,0.8000000119209291,5.0,-13.587554998163073,15.0,4.0,-6.6877835162364505,16.0,7.0,-13.54493247048359,28.0,50.0,-161.25697933134276,50.0,22,-26.95874431454848,41.79999966621398,20.0,-37.62541098121514,55.999999332427976,18.0,1.0273253772846118,126.0,0.0,0.0,0.0,14.0,-13.433040615169801,47.60000019073485,6.0,35.29411764705882,48.0,4.0,-7.651887893676758,24.0,4.0,3.8709620237350464,28.0,6.0,2.789168839191976,44.4,0.0,0.0,0.0,9.0,-24.31312679224732,63.0,2.0,-6.69014516709764,-4.0,0.0,0.0,0.0,3.0,-10.900153535996035,-6.0,0.0,0.0,0.0,10.0,-29.754504055628523,-20.0,5.0,-7.070573748317499,-20.0,15.0,-42.13388093079849,-66.00000076293945,0.0,0.0,0.0,2.0,-8.938370462668619,-20.0
201603,2.2343333333333337,10.0,-39.24349754789086,0.0,0.0,0.0,4.0,-16.24365482233504,1.6,5.0,-0.15833718160944388,15.0,0.0,0.0,0.0,13.0,39.541518654644044,52.0,11.0,3.0414469660251413,11.0,40,-158.3997727009339,76.0,38.0,-158.59409862526402,106.39999999999992,11.0,10.349270689060509,77.0,4.0,15.175650125530767,14.0,18.0,11.841908414877508,61.19999999999998,3.0,13.470873786407767,24.0,5.0,-21.604086047980076,30.0,0.0,0.0,0.0,4.0,0.010401798355366004,29.6,0.0,0.0,0.0,3.0,3.0074556011428566,21.0,0.0,0.0,0.0,2.0,-2.2526146419951805,-10.0,3.0,-2.677625484001249,-6.0,2.0,-14.386861742758141,-4.0,2.0,-14.50518089216723,-4.0,0.0,0.0,0.0,7.0,-36.35308706809057,-30.8,1.0,4.23387096774193,-5.0,20.0,56.530254849107656,-200.0
201604,2.2395,17.0,-0.2754381273723626,1.0,-3.7037037037037,-0.4,2.0,-7.85434078117005,0.8,12.0,3.5942093493459604,36.0,4.0,2.51942330651629,16.0,10.0,8.992859659824404,40.0,8.0,4.8257236291433605,8.0,4,-13.49916157884124,7.6,5.0,-12.12823176480518,14.0,11.0,6.688597527831241,77.0,1.0,-1.12923462986198,3.5,8.0,-0.5610918642679701,27.2,10.0,-38.22849423890804,80.0,3.0,-8.98357541103203,18.0,0.0,0.0,0.0,1.0,-0.29282576866764004,7.4,0.0,0.0,0.0,0.0,0.0,0.0,3.0,-5.966551711350911,-6.0,1.0,-1.12923462986198,-5.0,6.0,-2.1912171617927,-12.0,2.0,3.2710243657135702,-4.0,0.0,0.0,0.0,0.0,0.0,0.0,0.0,0.0,0.0,0.0,0.0,0.0,1.0,-0.7739938080495401,-10.0
201605,2.244666666666667,14.0,-7.541652117186963,10.0,-36.816520523384106,-4.0,0.0,0.0,0.0,35.0,-66.73347711056388,105.0,0.0,0.0,0.0,15.0,-22.42842844151977,60.0,10.0,-0.5449085998426195,10.0,7,-11.396852396890793,13.3,8.0,-7.65285479785118,22.4,10.0,-7.955518408150697,70.0,4.0,-5.810201993477129,14.0,20.0,32.70765715314541,67.99999999999999,58.0,192.0819972852507,464.0,4.0,-19.648047474254838,24.0,19.0,79.33689718675848,133.0,2.0,8.47457627118644,14.8,1.0,-2.63640914400134,5.0,0.0,0.0,0.0,5.0,-8.776564386506621,-10.0,15.0,-20.95865082116616,-75.0,51.0,-229.36366713202386,-102.0,11.0,-52.7949144396534,-22.0,0.0,0.0,0.0,12.0,-26.66094500400267,-48.0,2.0,2.25576662143827,-8.8,3.0,-10.714285714285712,-15.0,1.0,-3.62836723474436,-10.0
201606,2.2498333333333336,35.0,-75.76895521325666,8.0,-3.8477124815849306,-3.2,11.0,10.608296118695122,4.4,17.0,36.40293645378361,51.0,4.0,-13.748087459675359,16.0,14.0,-18.39822096754539,56.0,17.0,26.682584476105045,17.0,28,64.86228895147795,53.2,20.0,89.18831545585924,55.99999999999999,8.0,-1.8894983392348408,56.0,1.0,5.21739130434783,3.5,32.0,14.676406415498883,108.79999999999998,9.0,-36.56020843965729,72.0,3.0,-6.926507499302,18.0,1.0,1.29421915444349,7.0,4.0,5.09616523342574,29.6,2.0,2.9090909090909203,10.0,1.0,3.8986354775828396,7.0,3.0,-8.76539708210781,-6.0,10.0,-28.29642781112605,-50.0,8.0,-12.290414922953165,-16.0,3.0,-2.8668221795431896,-6.0,2.0,-4.1193651386279795,-4.0,11.0,-14.51705982622152,-44.0,0.0,0.0,0.0,10.0,-25.63952355654609,-50.0,8.0,-34.53492207824523,-80.0
201607,2.255,21.0,-69.93846613013581,19.0,10.940490081009168,-7.600000000000001,1.0,-4.76190476190477,0.4,19.0,-69.79461992839391,57.0,0.0,0.0,0.0,10.0,-23.066354585421557,40.0,15.0,-7.982422654578329,15.0,21,-0.1579837109824993,39.9,16.0,4.4966005905078,44.8,27.0,-49.339004127629536,189.0,0.0,0.0,0.0,22.0,22.30545830977909,74.79999999999998,12.0,12.065813528336394,96.0,4.0,-10.53244840241318,24.0,4.0,-10.21516049231896,28.0,6.0,-8.938253268945882,44.4,1.0,-4.659498207885309,5.0,1.0,0.7982428422554609,7.0,7.0,-27.126110710751053,-14.0,0.0,0.0,0.0,7.0,-12.978393946238153,-14.0,4.0,-20.57749057389179,-8.0,0.0,0.0,0.0,5.0,1.4477930882027898,-20.0,2.0,-5.65789473684211,-8.8,4.0,-4.28350990386787,-20.0,1.0,-6.6985645933014295,-10.0
201608,2.2601666666666667,25.0,42.256465394667465,4.0,-14.30597645608268,-1.6,12.0,-2.7303630925182403,4.8,51.0,30.9116729216774,153.0,37.0,-1.6004246042942256,148.0,10.0,1.6273474118907387,40.0,15.0,19.825959588044352,15.0,30,-27.83270230548473,56.99999999999999,27.0,-20.629281069304053,75.6,6.0,9.6317297255596,42.0,7.0,19.59931994516975,24.5,7.0,14.626633878206361,23.8,3.0,4.8158648627798,24.0,5.0,-14.131892155561312,30.0,1.0,-2.0247919322762202,7.0,5.0,-4.444702641104024,37.0,0.0,0.0,0.0,1.0,-1.1815675462780602,7.0,1.0,-2.50521920668058,-2.0,0.0,0.0,0.0,4.0,-10.879549432315509,-8.0,7.0,-12.182051749540172,-14.0,0.0,0.0,0.0,6.0,-9.549437913561057,-24.0,9.0,-15.914325510865552,-39.6,6.0,-19.90471117061966,-30.0,2.0,-7.214428857715419,-20.0
201609,2.2653333333333334,26.0,-27.281825425396505,7.0,-30.618273530032617,-2.8,1.0,-1.2787723785166298,0.4,26.0,-70.33786534540609,78.0,21.0,10.63783110165445,84.0,1.0,0.80906148867314,4.0,24.0,-10.21345248701834,24.0,25,-36.26290870548496,47.5,23.0,-3.298622374914431,64.39999999999998,14.0,-1.5744044834423674,98.0,0.0,0.0,0.0,15.0,-4.468043270735839,50.99999999999999,2.0,7.4074074074074,16.0,14.0,-60.345930353965905,84.0,0.0,0.0,0.0,11.0,-0.22697365154016055,81.4,0.0,0.0,0.0,2.0,1.83767228177642,14.0,1.0,-7.10144927536232,-2.0,21.0,-112.03867780493697,-105.0,20.0,-66.12296818020417,-40.0,13.0,-51.81864113237349,-26.0,1.0,-3.2064128256513,-2.0,22.0,-60.15149394638134,-88.0,4.0,-8.592676770378603,-17.6,1.0,-6.61478599221789,-5.0,7.0,-16.58063621445466,-70.0
201610,2.2705,11.0,-13.98592552600714,1.0,-1.44852935730048,-0.4,4.0,2.18176330455218,1.6,28.0,39.5484817857993,84.0,8.0,-5.056355473098113,32.0,12.0,4.89451864434451,48.0,19.0,56.66406960611429,19.0,20,17.386918396556613,38.0,13.0,-8.595371558437442,36.4,5.0,-17.2576018359151,35.0,0.0,0.0,0.0,40.0,78.78247543141924,135.99999999999997,1.0,-1.44852935730048,8.0,5.0,5.292758832120311,30.0,0.0,0.0,0.0,4.0,-18.040365683933057,29.6,0.0,0.0,0.0,4.0,-1.6488583051336705,28.0,0.0,0.0,0.0,4.0,-2.30547550432276,-20.0,1.0,-2.7823920265780697,-2.0,1.0,-2.7823920265780697,-2.0,2.0,-13.171349522952399,-4.0,5.0,-17.246272827814728,-20.0,0.0,0.0,0.0,18.0,-111.85265646083826,-90.0,9.0,-38.17804949063293,-90.0
201611,2.275666666666667,12.0,-15.934010639896721,4.0,-7.6349684810530904,-1.6,2.0,-5.84407216494846,0.8,8.0,-5.901197575049379,24.0,1.0,1.33333333333333,4.0,0.0,0.0,0.0,6.0,4.82012369360079,6.0,24,-56.982949495832365,45.59999999999999,17.0,-39.866743281999945,47.59999999999999,8.0,10.896221985376927,56.0,3.0,-4.58138468592389,10.5,23.0,5.370996016351047,78.2,2.0,5.47030458402003,16.0,6.0,-9.37285041424968,36.0,1.0,5.05548705302096,7.0,5.0,1.98210880816186,37.0,2.0,6.912442396313361,10.0,0.0,0.0,0.0,0.0,0.0,0.0,3.0,6.363611040257975,-15.0,10.0,-21.908262915700305,-20.0,6.0,-2.3614349751068,-12.0,3.0,-19.580022701475603,-6.0,11.0,3.6653431812421102,-44.0,2.0,-13.0533484676504,-8.8,2.0,7.942238267148019,-10.0,12.0,-22.809673498827614,-120.0
201612,2.2808333333333333,18.0,-16.29119865855831,1.0,1.5679442508710801,-0.4,0.0,0.0,0.0,23.0,32.799864669874005,69.0,13.0,10.103762083692828,52.0,9.0,-3.6374559993477273,36.0,15.0,44.300102588686244,15.0,22,19.640761482504068,41.79999999999999,24.0,18.73346161492674,67.2,7.0,-1.3880642515381112,49.0,3.0,5.660613621042391,10.5,28.0,40.05922490766395,95.2,2.0,7.81758957654724,16.0,2.0,0.43876885604839977,12.0,3.0,3.5628844839371197,21.0,27.0,-21.192066359204734,199.8,0.0,0.0,0.0,1.0,3.44827586206896,7.0,1.0,-0.5914534969688,-2.0,1.0,2.89473684210527,-5.0,2.0,-6.862295323807019,-4.0,0.0,0.0,0.0,0.0,0.0,0.0,13.0,5.492350798465637,-52.0,0.0,0.0,0.0,1.0,-2.06185567010309,-5.0,2.0,-21.495327102803802,-20.0
201701,2.286,22.0,-65.65220053900559,4.0,-14.255688863476811,-1.6,2.0,-8.06969957388906,0.8,18.0,-69.24939862782851,54.0,9.0,0.5706349356032347,36.0,2.0,-7.29780579147601,8.0,14.0,32.00283025643276,14.0,32,-94.60122675020884,60.8,11.0,-13.362665284300704,30.8,10.0,-6.4144960394650266,70.0,2.0,-2.185098705890105,7.0,11.0,11.064505232128164,37.4,0.0,0.0,0.0,6.0,-5.3087352482346,36.0,8.0,14.329995784531539,56.0,3.0,-5.9328292878399305,22.200000000000006,10.0,1.6184424894102296,50.0,6.0,-13.276748901350679,42.0,6.0,-5.75836081017422,-12.0,1.0,-6.76855895196507,-5.0,6.0,-16.71445831655257,-12.0,1.0,-6.77257525083612,-2.0,10.0,-66.16257573042972,-20.0,2.0,-3.36134453781514,-8.0,0.0,0.0,0.0,22.0,-158.1416628795547,-110.0,8.0,-40.87324206376012,-80.0
201702,2.2855,40.0,-28.699301093434,6.0,5.9187318043339605,-2.4000000000000004,10.0,-22.41733855346754,4.0,24.0,-21.1478347565984,72.0,15.0,-1.7892019085054494,60.0,1.0,-2.5848142164781898,4.0,23.0,46.986858996850856,23.0,18,-4.542807219967765,34.2,9.0,-7.979557804820313,25.200000000000006,25.0,-52.985511966285216,175.0,1.0,2.75735294117647,3.5,11.0,-17.600495435358848,37.4,4.0,2.95566502463054,32.0,19.0,-39.19230028573527,114.0,7.0,6.27137932751713,49.0,8.0,6.453129765818285,59.2,6.0,-1.9471677519415818,30.0,0.0,0.0,0.0,0.0,0.0,0.0,4.0,-10.949368360213953,-20.0,2.0,-2.11163564733052,-4.0,1.0,-1.2406947890818798,-2.0,16.0,-118.46280558851231,-32.0,12.0,-43.57669917761221,-48.0,0.0,0.0,0.0,10.0,-69.17373734873932,-50.0,0.0,0.0,0.0
201703,2.285,26.0,1.2822426757361485,7.0,-2.00514527845036,-2.8,5.0,-12.81174467057511,2.0,20.0,-52.34162576754494,60.0,18.0,0.09354840757076954,72.0,6.0,-9.606029462144576,24.0,45.0,-22.92756664795729,45.0,31,-39.3887860501654,58.89999999999999,21.0,5.117999061443703,58.79999999999999,8.0,18.43433253963989,56.0,10.0,-56.99972518641609,35.0,14.0,22.279665579986922,47.6,1.0,5.05836575875486,8.0,6.0,-28.333848336093226,36.0,3.0,3.5219433580314803,21.0,1.0,3.04709141274238,7.4,1.0,1.3903743315508,5.0,0.0,0.0,0.0,4.0,1.081783487962535,-8.0,2.0,-2.99351761252446,-10.0,11.0,-38.65128348815813,-22.0,0.0,0.0,0.0,6.0,-31.20791240261109,-12.0,1.0,1.9633507853403203,-4.0,1.0,-0.14925373134329,-4.4,17.0,-60.153156390070684,-85.0,5.0,-19.912207912904943,-50.0
201704,2.2845,21.0,-92.34470821115632,0.0,0.0,0.0,2.0,2.57799364842145,0.8,20.0,-20.84530021659636,60.0,0.0,0.0,0.0,0.0,0.0,0.0,8.0,20.555085385135172,8.0,7,-27.07029024633282,13.3,6.0,-27.500089673266928,16.799999999999994,2.0,3.0344827586207,14.0,1.0,5.55555555555555,3.5,3.0,2.4975235210467597,10.2,0.0,0.0,0.0,3.0,-9.564883931769169,18.0,0.0,0.0,0.0,1.0,2.66824785057812,7.4,0.0,0.0,0.0,0.0,0.0,0.0,5.0,-3.801977337224694,-10.0,3.0,9.623568461989409,-15.0,0.0,0.0,0.0,0.0,0.0,0.0,0.0,0.0,0.0,3.0,-5.9735872873044205,-12.0,0.0,0.0,0.0,3.0,-8.89912365643459,-15.0,4.0,-26.073554963539003,-40.0
201705,2.2840000000000003,24.0,-33.866040955418725,14.0,-33.23260642751865,-5.600000000000001,3.0,-7.85738408580763,1.2000000000000002,30.0,-6.713961998304335,90.0,15.0,-2.034742712526434,60.0,9.0,0.7950347274480061,36.0,24.0,-36.409502111902526,24.0,21,35.23914019480211,39.9,29.0,12.111544033543366,81.2,3.0,-7.984790874524701,21.0,3.0,-2.815274706823641,10.5,36.0,78.43494985651522,122.39999999999998,4.0,14.94661921708184,32.0,7.0,12.138282997298456,42.0,0.0,0.0,0.0,0.0,0.0,0.0,1.0,2.4390243902438997,5.0,3.0,-9.05473608345577,21.0,9.0,-17.396842117736963,-18.0,0.0,0.0,0.0,0.0,0.0,0.0,0.0,0.0,0.0,2.0,-17.993079584775078,-4.0,8.0,-9.36411061230486,-32.0,2.0,-2.22078945483202,-8.8,14.0,-60.36878992720317,-70.0,7.0,0.8704218039857099,-70.0
201706,2.2835,19.0,-17.942100792887047,12.0,-37.52246797836772,-4.8,6.0,-10.99313342159325,2.4,2.0,4.3442187707420805,6.0,13.0,33.80818410487305,52.0,4.0,3.2095219700912576,16.0,2.0,-6.0897435897436,2.0,15,-9.715869030053902,28.5,15.0,14.665069641250716,42.0,4.0,19.62264150943396,28.0,0.0,0.0,0.0,4.0,5.519471575265349,13.6,2.0,6.94444444444444,16.0,4.0,1.2031383918192582,24.0,0.0,0.0,0.0,2.0,-1.253918495297798,14.8,0.0,0.0,0.0,8.0,-25.91083046306928,56.0,12.0,-10.382800825193927,-24.0,4.0,2.83265493579673,-20.0,0.0,0.0,0.0,0.0,0.0,0.0,0.0,0.0,0.0,0.0,0.0,0.0,1.0,-7.894736842105281,-4.4,5.0,-18.831357882610934,-25.0,1.0,-5.3627760252366,-10.0
201707,2.283,21.0,-53.79382290624175,3.0,-3.2997116134948903,-1.2000000000000002,2.0,-5.5583684929922,0.8,15.0,-3.471246771294909,45.0,17.0,-6.501695582146603,68.0,3.0,2.636095811451261,12.0,12.0,-9.07172463658452,12.0,82,262.33868219575544,155.79999999999995,84.0,261.1116883307247,235.19999999999985,0.0,0.0,0.0,4.0,16.83594367979748,14.0,6.0,22.56527792154047,20.4,0.0,0.0,0.0,3.0,7.24971231300345,18.0,15.0,-26.2324753760144,105.0,6.0,-0.5241605241605196,44.40000000000001,0.0,0.0,0.0,1.0,3.4825870646766095,7.0,0.0,0.0,0.0,1.0,0.0,-5.0,4.0,-16.54294260076911,-8.0,0.0,0.0,0.0,8.0,-22.439685785601128,-16.0,0.0,0.0,0.0,0.0,0.0,0.0,2.0,-8.668324120413612,-10.0,0.0,0.0,0.0
201708,2.2825,16.0,51.000985491012685,1.0,-1.9650655021833998,-0.4,1.0,5.10208158536098,0.4,13.0,-5.877649338076669,39.0,0.0,0.0,0.0,8.0,-3.286619953286639,32.0,2.0,8.857808857808859,2.0,3,12.325004661570011,5.699999999999998,8.0,27.516274954912017,22.4,10.0,40.5768885806461,70.0,0.0,0.0,0.0,17.0,29.99446584804562,57.8,39.0,140.1537238529763,312.0,0.0,0.0,0.0,1.0,2.5112107623318396,7.0,10.0,1.0575230891063503,74.0,0.0,0.0,0.0,1.0,-1.57657657657658,7.0,0.0,0.0,0.0,2.0,3.0349013657056005,-10.0,2.0,-2.7397260273972597,-4.0,1.0,-1.8525519848771204,-2.0,0.0,0.0,0.0,0.0,0.0,0.0,0.0,0.0,0.0,0.0,0.0,0.0,0.0,0.0,0.0
201709,2.282,9.0,10.52489338638863,2.0,-5.0908105177554885,-0.8,2.0,-7.0156434430516,0.8,7.0,-9.46728729242338,21.0,2.0,-5.7023682884497,8.0,2.0,9.72469245590633,8.0,15.0,12.565534852030382,15.0,8,13.386484986783334,15.2,7.0,8.17815165345,19.6,2.0,4.153005464480859,14.0,1.0,0.94562647754137,3.5,18.0,42.26962577745906,61.19999999999999,0.0,0.0,0.0,15.0,33.3823993871221,90.0,2.0,-5.653609222826709,14.0,5.0,12.82980447809672,37.0,5.0,-16.243732583681364,25.0,1.0,0.15649452269171,7.0,0.0,0.0,0.0,5.0,-0.17960974494019896,-25.0,7.0,-21.17559648776845,-14.0,4.0,-13.7708445400753,-8.0,1.0,-3.77358490566038,-2.0,2.0,-4.03225806451612,-8.0,0.0,0.0,0.0,0.0,0.0,0.0,6.0,-37.65035505531142,-60.0
201710,2.2815,23.0,20.67139028050101,1.0,-0.90296324558057,-0.4,0.0,0.0,0.0,8.0,-9.44808388243243,24.0,4.0,2.8776978417266204,16.0,4.0,8.42787682333876,16.0,5.0,-10.37857253958487,5.0,6,5.96051228458149,11.4,6.0,6.3712018199055604,16.799999999999994,0.0,0.0,0.0,0.0,0.0,0.0,6.0,-0.08102503415813977,20.4,7.0,-3.196347031963469,56.0,2.0,2.8560083950197104,12.0,0.0,0.0,0.0,12.0,5.388664944714714,88.80000000000003,1.0,0.12523481527865,5.0,0.0,0.0,0.0,0.0,0.0,0.0,5.0,-2.2685185185185004,-25.0,4.0,-8.922540712623029,-8.0,2.0,-4.95241674853703,-4.0,0.0,0.0,0.0,0.0,0.0,0.0,0.0,0.0,0.0,2.0,-0.99337748344372,-10.0,1.0,-0.90296324558057,-10.0
201711,2.281,9.0,-6.03804765469473,4.0,5.145760120249419,-1.6,3.0,7.62032722755311,1.2000000000000002,5.0,-3.6121971671249904,15.0,1.0,0.78740157480315,4.0,6.0,0.0,24.0,2.0,-1.4354066985645901,2.0,26,14.462822860592734,49.399999999999984,24.0,21.909890295978,67.19999999999997,6.0,7.22891566265058,42.0,0.0,0.0,0.0,24.0,-15.48785399578942,81.6,14.0,28.875016809720773,112.0,0.0,0.0,0.0,0.0,0.0,0.0,2.0,1.71429770447773,14.8,0.0,0.0,0.0,0.0,0.0,0.0,0.0,0.0,0.0,0.0,0.0,0.0,1.0,-2.6936026936026902,-2.0,5.0,-24.954575268398408,-10.0,2.0,-6.71897579210108,-4.0,1.0,1.39784946236559,-4.0,0.0,0.0,0.0,7.0,-34.46068430508219,-35.0,2.0,-1.6606579540333501,-20.0
201712,2.2805,14.0,9.160540807256012,5.0,-15.948510551620961,-2.0,5.0,2.438764201244818,2.0,20.0,-34.007088875264394,60.0,30.0,-136.3320712998159,120.0,0.0,0.0,0.0,18.0,-8.400863873045456,18.0,21,16.97036983958229,39.9,17.0,4.154188615394649,47.6,0.0,0.0,0.0,2.0,-2.3715415019762998,7.0,16.0,2.477294181433954,54.4,0.0,0.0,0.0,18.0,-87.53763391711252,108.0,6.0,-4.56059830398385,42.0,0.0,0.0,0.0,0.0,0.0,0.0,4.0,-1.3115318046462598,28.0,0.0,0.0,0.0,2.0,0.0,-10.0,5.0,-3.6688832836505,-10.0,4.0,-7.9020509871573985,-8.0,6.0,-39.053575617816975,-12.0,5.0,-14.647900123191828,-20.0,1.0,2.68948655256724,-4.4,5.0,-31.16495457103396,-25.0,3.0,-6.33366633366634,-30.0
201801,2.28,9.0,-17.86220600040864,0.0,0.0,0.0,3.0,1.948051948051953,1.2000000000000002,9.0,-2.0808225965207767,27.0,6.0,3.5862285862286,24.0,0.0,0.0,0.0,13.0,-8.684076344082142,13.0,20,6.387638323071696,37.99999999999999,19.0,4.365431405776266,53.2,1.0,0.0,7.0,4.0,3.9892536282199593,14.0,13.0,-15.34907451427256,44.2,4.0,3.3049237648562015,32.0,0.0,0.0,0.0,0.0,0.0,0.0,1.0,-1.05541631857421,7.4,1.0,0.427350427350427,5.0,1.0,-9.038594133974481,7.0,8.0,-51.75845813168792,-16.0,0.0,0.0,0.0,1.0,-2.6936026936026902,-2.0,0.0,0.0,0.0,1.0,-10.8303249097473,-2.0,1.0,0.29563932002956,-4.0,3.0,1.3475213263011598,-13.2,3.0,-7.631186107594349,-15.0,4.0,-36.10612254290414,-40.0
201802,2.2764166666666665,20.0,-5.319717611645012,8.0,-5.918333579474482,-3.2,5.0,-3.97273244464446,2.0,28.0,16.3337990837947,84.0,2.0,-2.29650414180866,8.0,8.0,-10.662661332773922,32.0,21.0,-21.224008680372158,21.0,11,0.07929026033909015,20.9,7.0,7.16211559264524,19.6,2.0,-1.16618075801748,14.0,15.0,-75.2398792290642,52.5,22.0,-18.139717361134146,74.8,2.0,-2.7173913043478195,16.0,7.0,-21.1374146001125,42.0,6.0,3.156771285402073,42.0,0.0,0.0,0.0,1.0,-0.93780848963475,5.0,0.0,0.0,0.0,2.0,-0.89300773438064,-4.0,4.0,-6.14437656043103,-20.0,30.0,-59.09030041882842,-60.0,7.0,-15.4671727527881,-14.0,1.0,-4.12371134020619,-2.0,3.0,-17.97572608927754,-12.0,0.0,0.0,0.0,2.0,-2.75862068965518,-10.0,0.0,0.0,0.0
201803,2.2728333333333333,7.0,18.240201792685546,0.0,0.0,0.0,3.0,8.849557522123892,1.2000000000000002,8.0,9.267637609282101,24.0,0.0,0.0,0.0,17.0,53.13913987361845,68.0,2.0,6.13026819923372,2.0,18,-2.4264688811337614,34.2,13.0,-71.01485229064333,36.40000000000001,16.0,35.44381233656895,112.0,3.0,-2.7898446709287166,10.5,5.0,10.60494680373541,17.0,12.0,45.25704908303952,96.0,4.0,12.0005333570381,24.0,3.0,1.5032448377581,21.0,5.0,10.68345407472926,37.0,0.0,0.0,0.0,0.0,0.0,0.0,1.0,-1.14942528735632,-2.0,0.0,0.0,0.0,0.0,0.0,0.0,0.0,0.0,0.0,6.0,-36.10271587493104,-12.0,2.0,1.92577765068472,-8.0,0.0,0.0,0.0,8.0,-38.821654455122975,-40.0,6.0,-37.14187542554772,-60.0
201804,2.26925,8.0,-18.21859548759868,12.0,1.1709256564407111,-4.8,5.0,-3.07105580088316,2.0,0.0,0.0,0.0,15.0,9.227718925069702,60.0,0.0,0.0,0.0,28.0,-35.641733725780284,28.0,17,-17.44665153049892,32.3,16.0,-23.74324357259159,44.8,4.0,1.1031663592546104,28.0,1.0,-3.0172413793103496,3.5,29.0,29.472123762621433,98.6,11.0,21.50421797605912,88.0,10.0,-20.74068150295885,60.0,8.0,1.22053872053868,56.0,0.0,0.0,0.0,0.0,0.0,0.0,0.0,0.0,0.0,0.0,0.0,0.0,8.0,-8.084024571916405,-40.0,0.0,0.0,0.0,0.0,0.0,0.0,2.0,-12.344672258465359,-4.0,1.0,0.0,-4.0,0.0,0.0,0.0,0.0,0.0,0.0,1.0,-7.18232044198895,-10.0
201805,2.2656666666666667,8.0,5.43147105207639,0.0,0.0,0.0,13.0,47.24606152231283,5.199999999999998,14.0,3.0492831076455875,42.0,4.0,13.666496687914,16.0,8.0,-3.12864132336245,32.0,7.0,2.7459954233409603,7.0,14,33.74972404363416,26.599999999999994,18.0,42.308124011135185,50.39999999999999,6.0,17.93808726006307,42.0,13.0,63.086855405894795,45.5,28.0,54.94171805505898,95.19999999999996,0.0,0.0,0.0,6.0,-7.25651953246217,36.0,2.0,1.7660368585152701,14.0,6.0,9.931360460337,44.40000000000001,0.0,0.0,0.0,0.0,0.0,0.0,0.0,0.0,0.0,3.0,5.79077499881299,-15.0,0.0,0.0,0.0,2.0,-3.82240726961864,-4.0,1.0,-15.8620689655172,-2.0,2.0,-1.7278617710583002,-8.0,0.0,0.0,0.0,0.0,0.0,0.0,11.0,32.80958053796483,-110.0
201806,2.262083333333333,10.0,-3.2830940572099188,6.0,0.64102564102563,-2.4,8.0,12.00482869354358,3.2,20.0,21.515472131573926,60.0,16.0,23.726236496611023,64.0,4.0,1.2153759185981,16.0,0.0,0.0,0.0,7,18.49023782717021,13.3,6.0,10.51472510338942,16.799999999999994,0.0,0.0,0.0,10.0,13.747501206887438,35.0,13.0,-15.048697502045107,44.19999999999999,3.0,1.98470040265844,24.0,0.0,0.0,0.0,2.0,5.493247882810709,14.0,2.0,3.0534351145037997,14.8,2.0,2.2429906542056,10.0,0.0,0.0,0.0,3.0,4.0590405904059,-6.0,1.0,4.9382716049382696,-5.0,2.0,-2.9608077587352097,-4.0,0.0,0.0,0.0,0.0,0.0,0.0,0.0,0.0,0.0,0.0,0.0,0.0,2.0,2.83164437829674,-10.0,0.0,0.0,0.0
201807,2.2585,6.0,8.032811412802529,8.0,11.29944953018656,-3.2,0.0,0.0,0.0,5.0,12.6904906496271,15.0,2.0,-6.08205608205609,8.0,23.0,52.67497135638411,92.0,14.0,-20.607202262643824,14.0,43,104.32254767203005,81.69999999999997,38.0,99.25204654381716,106.39999999999996,4.0,0.0,28.0,13.0,13.568319468255561,45.5,9.0,11.489835899131473,30.6,22.0,28.488793239297728,176.0,1.0,4.498594189315829,6.0,2.0,-0.642398286937902,14.0,7.0,2.8606076418623205,51.8,3.0,-7.85537674225413,15.0,0.0,0.0,0.0,0.0,0.0,0.0,2.0,-7.36842105263158,-10.0,0.0,0.0,0.0,6.0,-8.909087944686402,-12.0,0.0,0.0,0.0,0.0,0.0,0.0,1.0,-1.7621145374449398,-4.4,1.0,0.67643742953777,-5.0,8.0,-30.180387046106148,-80.0
201808,2.2549166666666665,18.0,2.7028165037645384,2.0,2.53576582902997,-0.8,7.0,4.342885436856207,2.8,20.0,-23.478070183881467,60.0,9.0,14.15702499800575,36.0,13.0,1.21634578808534,52.0,63.0,44.838159846022165,63.0,31,15.56832109084525,58.9,24.0,19.252972819648605,67.19999999999999,4.0,0.9386366302944801,28.0,16.0,2.9441269332275795,56.0,65.0,97.13258414449638,221.00000000000009,9.0,14.267745922982499,72.0,5.0,1.81582341436062,30.0,6.0,15.787698024468751,42.0,12.0,36.45894003728679,88.80000000000003,0.0,0.0,0.0,3.0,0.70397747272086,21.0,5.0,-2.454063278335805,-10.0,1.0,1.27764127764128,-5.0,7.0,21.84116647587779,-14.0,4.0,-1.3092863832715596,-8.0,1.0,-4.31778929188256,-2.0,0.0,0.0,0.0,5.0,-12.656424859334962,-22.0,0.0,0.0,0.0,0.0,0.0,0.0
201809,2.251333333333333,16.0,-18.726133592127773,1.0,-3.3523809523809502,-0.4,0.0,0.0,0.0,14.0,-13.6211756378297,42.0,0.0,0.0,0.0,0.0,0.0,0.0,20.0,20.643023413260753,20.0,43,76.19265009671317,81.69999999999997,42.0,71.18668491330271,117.59999999999997,2.0,-1.8433179723502242,14.0,6.0,37.39562794413201,21.0,14.0,-1.6588925047538925,47.6,104.0,504.47219018558684,832.0,1.0,2.7000964320154304,6.0,3.0,0.8271675344290002,21.0,2.0,4.63155799754065,14.8,0.0,0.0,0.0,0.0,0.0,0.0,4.0,5.57135172519788,-8.0,1.0,1.68453292496172,-5.0,2.0,-2.75229357798164,-4.0,6.0,-20.1142857142857,-12.0,4.0,-13.409523809523801,-8.0,0.0,0.0,0.0,0.0,0.0,0.0,1.0,5.81395348837209,-5.0,9.0,-26.247219247519087,-90.0
201810,2.24775,48.0,-83.91869580671664,1.0,-1.25,-0.4,4.0,4.8993174574718585,1.6,13.0,-4.4436494041745,39.0,1.0,4.59081836327346,4.0,14.0,25.71942159046378,56.0,23.0,7.076820100810392,23.0,49,83.94338205767319,93.09999999999998,41.0,69.70248598247699,114.79999999999997,14.0,9.395973154362482,98.0,3.0,-4.44580245970515,10.5,25.0,64.57603974002289,84.99999999999997,2.0,-6.4171122994652405,16.0,3.0,10.151814925450338,18.0,5.0,9.31654819109646,35.0,0.0,0.0,0.0,3.0,6.588619895572459,15.0,0.0,0.0,0.0,1.0,-6.72434729811779,-2.0,2.0,-4.974182444061969,-10.0,2.0,-5.66037735849058,-4.0,0.0,0.0,0.0,0.0,0.0,0.0,1.0,0.20682523267839,-4.0,0.0,0.0,0.0,0.0,0.0,0.0,1.0,-1.9823788546255499,-10.0
201811,2.244166666666666,22.0,-11.183162892548587,3.0,-15.400410677618073,-1.2000000000000002,1.0,-1.5957446808510602,0.4,9.0,0.17977919868609993,27.0,1.0,3.6243822075782504,4.0,1.0,2.05655526992288,4.0,38.0,50.51851853206735,38.0,21,28.06394700014853,39.9,17.0,32.1592931374435,47.6,15.0,39.950475249866315,105.0,2.0,-3.1914893617021205,7.0,18.0,16.27879965975099,61.2,11.0,32.68302705388799,88.0,1.0,1.60183066361556,6.0,30.0,-9.508954854439258,210.0,0.0,0.0,0.0,0.0,0.0,0.0,1.0,-4.44697833523375,7.0,2.0,-4.97863247863249,-4.0,9.0,-14.059719467806929,-45.0,7.0,5.16795498849902,-14.0,10.0,-19.978472224766683,-20.0,0.0,0.0,0.0,0.0,0.0,0.0,0.0,0.0,0.0,0.0,0.0,0.0,1.0,1.23784261715296,-10.0
201812,2.2405833333333334,8.0,5.00168958487478,8.0,-2.218151421919421,-3.2,2.0,1.68236877523553,0.8,26.0,-2.7292621217962303,78.0,2.0,4.513322942180659,8.0,5.0,-1.19514472455646,20.0,8.0,-10.05159197496188,8.0,34,186.95071405822372,64.59999999999997,30.0,198.3261899147655,83.99999999999997,0.0,0.0,0.0,15.0,5.6151331074693225,52.5,28.0,-12.45375473348137,95.2,0.0,0.0,0.0,6.0,-8.970498947863529,36.0,15.0,-14.150209419542465,105.0,6.0,-9.78137374809041,44.40000000000001,2.0,-6.64417357232649,10.0,2.0,3.4912718204488797,14.0,8.0,-27.66049755225173,-16.0,0.0,0.0,0.0,0.0,0.0,0.0,2.0,-8.457711442786069,-4.0,4.0,-2.88007392986313,-8.0,2.0,-9.42367415503835,-8.0,9.0,-56.52736347162697,-39.6,1.0,-8.91089108910891,-5.0,7.0,-22.89704249588175,-70.0
201901,2.237,5.0,-18.09577677224738,0.0,0.0,0.0,0.0,0.0,0.0,12.0,-3.0318972692603507,36.0,0.0,0.0,0.0,14.0,-54.043071239662574,56.0,13.0,62.697305988634604,13.0,22,-12.560449865839038,41.8,10.0,9.09227667331291,28.0,6.0,0.0,42.0,3.0,20.31123560535325,10.5,7.0,14.14907942569307,23.8,0.0,0.0,0.0,0.0,0.0,0.0,3.0,0.7005525280110199,21.0,1.0,-1.3257575757575801,7.4,3.0,-11.0563846758429,15.0,8.0,-20.674277657743442,56.0,4.0,8.602150537634401,-8.0,6.0,14.029149889411919,-30.0,0.0,0.0,0.0,0.0,0.0,0.0,0.0,0.0,0.0,6.0,-21.19660236515212,-24.0,0.0,0.0,0.0,0.0,0.0,0.0,7.0,-27.874418720418237,-70.0
